# Blender 4.3.2
# www.blender.org
mtllib free_fish_pack.mtl
o fish01
v 0.118166 3.133489 -1.115301
v 0.111165 3.124609 -1.126129
v 0.098559 3.115273 -1.125861
v 0.128678 3.122670 -1.102512
v 0.129373 3.105871 -1.103978
v 0.119584 3.093636 -1.100283
v 0.130987 3.129751 -1.084131
v 0.133371 3.118135 -1.072141
v 0.124201 3.107797 -1.063521
v 0.122782 3.147650 -1.078539
v 0.119160 3.149137 -1.062456
v 0.107792 3.143595 -1.052337
v 0.123686 3.142563 -1.098312
v 0.112270 3.158469 -1.091329
v 0.100952 3.167876 -1.084607
v 0.086767 3.165233 -1.077916
v 0.109962 3.151388 -1.109710
v 0.096954 3.155612 -1.116444
v 0.082151 3.151072 -1.114678
v 0.013232 2.906622 -1.266032
v 0.011010 3.072273 -1.262645
v 0.016655 3.359562 -0.765176
v 0.016655 2.869764 -0.723486
v 0.014251 2.955826 0.578780
v 0.014251 3.368904 0.578780
v 0.016366 2.834570 -0.436423
v 0.022322 3.450333 -0.428332
v 0.021541 2.858455 -0.089097
v 0.021541 3.474090 -0.086114
v 0.015714 3.016811 1.144819
v 0.027395 3.253099 1.124653
v 0.038893 3.134058 1.301137
v 0.020583 3.414877 1.289737
v 0.035424 3.481452 1.512743
v 0.024494 2.851689 1.276707
v 0.039020 3.018542 1.447485
v 0.024494 3.315993 1.173063
v 0.023710 3.499587 1.487480
v 0.021847 2.952231 1.189935
v 0.018703 2.787858 1.478314
v 0.034066 3.072146 -1.249715
v 0.036843 2.908019 -1.241066
v 0.064945 2.872668 -0.491757
v 0.065481 2.895128 -0.672891
v 0.046429 3.349914 -0.762498
v 0.049652 3.430290 -0.413938
v 0.026854 2.997308 -1.297695
v 0.031852 2.962141 -1.292223
v 0.070817 2.879985 -0.089770
v 0.053739 3.453368 -0.085191
v 0.050561 3.356211 0.575779
v 0.054104 2.973746 0.575779
v 0.027598 3.078373 1.159970
v 0.067543 3.059342 -1.223910
v 0.074207 2.934588 -1.204973
v 0.106221 3.296287 -0.735545
v 0.116499 3.380648 -0.396043
v 0.056423 3.008901 -1.262030
v 0.061421 2.970196 -1.256008
v 0.118399 2.941865 -0.088003
v 0.118399 3.408209 -0.081410
v 0.090891 3.318717 0.568433
v 0.090891 3.015061 0.569807
v 0.029389 3.202452 1.145084
v 0.120957 3.088583 -1.114297
v 0.120402 2.949203 -1.094253
v 0.151046 3.222002 -0.708980
v 0.166611 3.291105 -0.386164
v 0.090498 3.036420 -1.205436
v 0.096166 2.985813 -1.188089
v 0.166873 3.035446 -0.083250
v 0.166873 3.307556 -0.083250
v 0.122167 3.254196 0.563272
v 0.121872 3.075139 0.562935
v 0.141533 3.010702 -1.099838
v 0.174565 3.120974 -0.700200
v 0.193072 3.134676 -0.390320
v 0.136084 3.138482 0.562598
v 0.192307 3.137519 -0.083250
v 0.029522 3.143499 1.155645
v 0.019318 3.456310 0.224163
v 0.015694 2.891688 0.224163
v 0.059915 3.432040 0.222458
v 0.063974 2.910947 0.223179
v 0.111884 3.383710 0.217462
v 0.111884 2.973972 0.221273
v 0.161917 3.288131 0.214564
v 0.161917 3.054496 0.214381
v 0.184440 3.139932 0.208874
v 0.014423 3.281375 0.824137
v 0.037411 3.272319 0.825706
v 0.031851 3.388994 1.460269
v 0.030416 2.814110 1.500503
v 0.038752 2.912366 1.439149
v 0.038526 3.263500 1.454466
v 0.016644 2.861495 -1.156757
v 0.014423 3.009233 0.818371
v 0.000291 2.959970 -1.306181
v -0.000291 2.995154 -1.305767
v 0.070312 3.243459 0.829644
v 0.083239 3.078556 0.827904
v 0.084646 3.201704 0.831947
v 0.097850 3.137856 0.832888
v 0.059994 3.050365 0.823271
v 0.037850 3.024848 0.819109
v 0.016644 2.858377 -0.997813
v 0.016644 3.234821 -1.066313
v 0.046379 2.867719 -0.991323
v 0.046379 3.227394 -1.057845
v 0.100712 2.905736 -0.975046
v 0.100712 3.199638 -1.032301
v 0.144547 2.972083 -0.969497
v 0.144547 3.134694 -0.993039
v 0.162755 3.043920 -0.975448
v 0.013867 3.157876 -1.177847
v 0.041380 3.153778 -1.169387
v 0.083756 3.137453 -1.148986
v 0.046379 2.874996 -1.133760
v 0.090420 2.905360 -1.102268
v 0.101180 2.921135 -0.484914
v 0.100962 2.933763 -0.667388
v 0.166611 3.022907 -0.396120
v 0.151046 3.023098 -0.696383
v 0.049652 2.848446 -0.427162
v 0.046429 2.882928 -0.714189
v 0.116499 2.933523 -0.404401
v 0.106221 2.951777 -0.704155
v 0.104321 2.871838 -0.474699
v 0.154303 2.844057 -0.636024
v 0.120791 2.909225 -0.473174
v 0.173723 2.886742 -0.632480
v 0.119183 2.848738 -0.399593
v 0.184862 2.806942 -0.515415
v 0.134046 2.890291 -0.398467
v 0.194448 2.854857 -0.515217
v 0.128967 2.819203 -0.301699
v 0.184888 2.786523 -0.384094
v 0.139881 2.856847 -0.301815
v 0.196046 2.825764 -0.382767
v 0.117779 2.809444 -0.156239
v 0.161363 2.781952 -0.226073
v 0.127316 2.840259 -0.153526
v 0.174236 2.812236 -0.226780
v 0.059661 3.139237 1.008545
v 0.044977 3.200705 1.008545
v 0.014730 3.229082 1.008545
v 0.026960 3.218864 1.008545
v 0.018579 3.054260 1.008545
v 0.035965 3.069026 1.008545
v 0.011721 3.045775 1.008545
v 0.052602 3.177423 1.008545
v 0.051392 3.101246 1.008545
v 0.018661 3.233070 1.052257
v 0.038893 3.202892 1.060928
v 0.048437 3.140602 1.069534
v 0.042447 3.098852 1.069205
v 0.043826 3.187155 1.064422
v 0.012821 3.039314 1.058410
v 0.028505 3.061613 1.065102
v 0.017258 3.048113 1.060550
v 0.026573 3.227029 1.056411
v 0.060263 3.098804 0.955489
v 0.061509 3.182970 0.957771
v 0.012317 3.042982 0.939733
v 0.042718 3.069820 0.950203
v 0.020917 3.051268 0.942928
v 0.029656 3.231569 0.946304
v 0.014321 3.241476 0.941233
v 0.070341 3.138939 0.959073
v 0.051947 3.209290 0.951834
v 0.038526 3.137195 1.394224
v 0.018789 3.281450 -0.969530
v 0.047695 3.272921 -0.963621
v 0.106451 3.234046 -0.940043
v 0.152035 3.161405 -0.913671
v 0.017110 2.859098 -0.941763
v 0.047695 2.869964 -0.932424
v 0.106451 2.918319 -0.914099
v 0.152035 2.983365 -0.903293
v 0.175953 3.063861 -0.899079
v 0.016655 3.404850 -0.751185
v 0.019318 3.486230 0.262322
v 0.016655 3.495414 -0.716333
v 0.016655 3.565919 -0.662845
v 0.016655 3.618096 -0.594203
v 0.016655 3.658355 -0.509300
v 0.016655 3.654451 -0.500960
v 0.016655 3.610530 -0.511187
v 0.016655 3.572087 -0.505577
v 0.016655 3.540033 -0.483178
v 0.016655 3.519836 -0.430395
v 0.016655 3.532047 -0.308286
v 0.016655 3.533573 -0.248758
v 0.016655 3.527468 -0.076279
v 0.016655 3.530520 0.058041
v 0.016655 3.538152 0.167938
v 0.019318 3.515231 0.244005
v 0.056257 3.032764 0.782456
v 0.044306 3.020636 0.784526
v 0.059379 2.998777 0.662974
v 0.080198 3.018893 0.658241
v 0.065146 3.016332 0.780861
v 0.053016 3.006002 0.783044
v 0.076977 2.982039 0.658651
v 0.098115 2.998981 0.653898
v 0.098922 2.985030 0.798677
v 0.086272 2.978258 0.800798
v 0.120511 2.917359 0.748671
v 0.142671 2.927882 0.744993
v 0.097295 2.958589 0.825499
v 0.087998 2.953238 0.825885
v 0.120386 2.906484 0.809238
v 0.136699 2.914868 0.808490
v 0.101919 2.937286 0.880131
v 0.094977 2.933801 0.880624
v 0.106247 2.905832 0.877705
v 0.115636 2.910237 0.877100
v 0.125465 2.964024 0.673530
v 0.102697 2.949597 0.678410
v 0.067191 2.995679 0.787639
v 0.080206 3.004688 0.785143
v -0.118166 3.133489 -1.115301
v -0.111165 3.124609 -1.126129
v -0.098559 3.115273 -1.125861
v -0.128678 3.122670 -1.102512
v -0.129373 3.105871 -1.103978
v -0.119584 3.093636 -1.100283
v -0.130987 3.129751 -1.084131
v -0.133371 3.118135 -1.072141
v -0.124201 3.107797 -1.063521
v -0.122782 3.147650 -1.078539
v -0.119160 3.149137 -1.062456
v -0.107792 3.143595 -1.052337
v -0.123686 3.142563 -1.098312
v -0.112270 3.158469 -1.091329
v -0.100952 3.167876 -1.084607
v -0.086767 3.165233 -1.077916
v -0.109962 3.151388 -1.109710
v -0.096954 3.155612 -1.116444
v -0.082151 3.151072 -1.114678
v -0.013232 2.906622 -1.266032
v -0.011010 3.072273 -1.262645
v -0.016655 3.359562 -0.765176
v -0.016655 2.869764 -0.723486
v -0.014251 2.955826 0.578780
v -0.014251 3.368904 0.578780
v -0.016366 2.834570 -0.436423
v -0.022322 3.450333 -0.428332
v -0.021541 2.858455 -0.089097
v -0.021541 3.474090 -0.086114
v -0.015714 3.016811 1.144819
v -0.027395 3.253099 1.124653
v -0.038893 3.134058 1.301137
v -0.020583 3.414877 1.289737
v -0.035424 3.481452 1.512743
v -0.024494 2.851689 1.276707
v -0.039020 3.018542 1.447485
v -0.024494 3.315993 1.173063
v -0.023710 3.499587 1.487480
v -0.021847 2.952231 1.189935
v -0.018703 2.787858 1.478314
v -0.034066 3.072146 -1.249715
v -0.036843 2.908019 -1.241066
v -0.064945 2.872668 -0.491757
v -0.065481 2.895128 -0.672891
v -0.046429 3.349914 -0.762498
v -0.049652 3.430290 -0.413938
v -0.026854 2.997308 -1.297695
v -0.031852 2.962141 -1.292223
v -0.070817 2.879985 -0.089770
v -0.053739 3.453368 -0.085191
v -0.050561 3.356211 0.575779
v -0.054104 2.973746 0.575779
v -0.027598 3.078373 1.159970
v -0.067543 3.059342 -1.223910
v -0.074207 2.934588 -1.204973
v -0.106221 3.296287 -0.735545
v -0.116499 3.380648 -0.396043
v -0.056423 3.008901 -1.262030
v -0.061421 2.970196 -1.256008
v -0.118399 2.941865 -0.088003
v -0.118399 3.408209 -0.081410
v -0.090891 3.318717 0.568433
v -0.090891 3.015061 0.569807
v -0.029389 3.202452 1.145084
v -0.120957 3.088583 -1.114297
v -0.120402 2.949203 -1.094253
v -0.151046 3.222002 -0.708980
v -0.166611 3.291105 -0.386164
v -0.090498 3.036420 -1.205436
v -0.096166 2.985813 -1.188089
v -0.166873 3.035446 -0.083250
v -0.166873 3.307556 -0.083250
v -0.122167 3.254196 0.563272
v -0.121872 3.075139 0.562935
v -0.141533 3.010702 -1.099838
v -0.174565 3.120974 -0.700200
v -0.193072 3.134676 -0.390320
v -0.136084 3.138482 0.562598
v -0.192307 3.137519 -0.083250
v -0.029522 3.143499 1.155645
v -0.019318 3.456310 0.224163
v -0.015694 2.891688 0.224163
v -0.059915 3.432040 0.222458
v -0.063974 2.910947 0.223179
v -0.111884 3.383710 0.217462
v -0.111884 2.973972 0.221273
v -0.161917 3.288131 0.214564
v -0.161917 3.054496 0.214381
v -0.184440 3.139932 0.208874
v -0.014423 3.281375 0.824137
v -0.037411 3.272319 0.825706
v -0.031851 3.388994 1.460269
v -0.030416 2.814110 1.500503
v -0.038752 2.912366 1.439149
v -0.038526 3.263500 1.454466
v -0.016644 2.861495 -1.156757
v -0.014423 3.009233 0.818371
v -0.070312 3.243459 0.829644
v -0.083239 3.078556 0.827904
v -0.084646 3.201704 0.831947
v -0.097850 3.137856 0.832888
v -0.059994 3.050365 0.823271
v -0.037850 3.024848 0.819109
v -0.016644 2.858377 -0.997813
v -0.016644 3.234821 -1.066313
v -0.046379 2.867719 -0.991323
v -0.046379 3.227394 -1.057845
v -0.100712 2.905736 -0.975046
v -0.100712 3.199638 -1.032301
v -0.144547 2.972083 -0.969497
v -0.144547 3.134694 -0.993039
v -0.162755 3.043920 -0.975448
v -0.013867 3.157876 -1.177847
v -0.041380 3.153778 -1.169387
v -0.083756 3.137453 -1.148986
v -0.046379 2.874996 -1.133760
v -0.090420 2.905360 -1.102268
v -0.101180 2.921135 -0.484914
v -0.100962 2.933763 -0.667388
v -0.166611 3.022907 -0.396120
v -0.151046 3.023098 -0.696383
v -0.049652 2.848446 -0.427162
v -0.046429 2.882928 -0.714189
v -0.116499 2.933523 -0.404401
v -0.106221 2.951777 -0.704155
v -0.104321 2.871838 -0.474699
v -0.154303 2.844057 -0.636024
v -0.120791 2.909225 -0.473174
v -0.173723 2.886742 -0.632480
v -0.119183 2.848738 -0.399593
v -0.184862 2.806942 -0.515415
v -0.134046 2.890291 -0.398467
v -0.194448 2.854857 -0.515217
v -0.128967 2.819203 -0.301699
v -0.184888 2.786523 -0.384094
v -0.139881 2.856847 -0.301815
v -0.196046 2.825764 -0.382767
v -0.117779 2.809444 -0.156239
v -0.161363 2.781952 -0.226073
v -0.127316 2.840259 -0.153526
v -0.174236 2.812236 -0.226780
v -0.059661 3.139237 1.008545
v -0.044977 3.200705 1.008545
v -0.014730 3.229082 1.008545
v -0.026960 3.218864 1.008545
v -0.018579 3.054260 1.008545
v -0.035965 3.069026 1.008545
v -0.011721 3.045775 1.008545
v -0.052602 3.177423 1.008545
v -0.051392 3.101246 1.008545
v -0.018661 3.233070 1.052257
v -0.038893 3.202892 1.060928
v -0.048437 3.140602 1.069534
v -0.042447 3.098852 1.069205
v -0.043826 3.187155 1.064422
v -0.012821 3.039314 1.058410
v -0.028505 3.061613 1.065102
v -0.017258 3.048113 1.060550
v -0.026573 3.227029 1.056411
v -0.060263 3.098804 0.955489
v -0.061509 3.182970 0.957771
v -0.012317 3.042982 0.939733
v -0.042718 3.069820 0.950203
v -0.020917 3.051268 0.942928
v -0.029656 3.231569 0.946304
v -0.014321 3.241476 0.941233
v -0.070341 3.138939 0.959073
v -0.051947 3.209290 0.951834
v -0.038526 3.137195 1.394224
v -0.018789 3.281450 -0.969530
v -0.047695 3.272921 -0.963621
v -0.106451 3.234046 -0.940043
v -0.152035 3.161405 -0.913671
v -0.017110 2.859098 -0.941763
v -0.047695 2.869964 -0.932424
v -0.106451 2.918319 -0.914099
v -0.152035 2.983365 -0.903293
v -0.175953 3.063861 -0.899079
v -0.016655 3.404850 -0.751185
v -0.019318 3.486230 0.262322
v -0.016655 3.495414 -0.716333
v -0.016655 3.565919 -0.662845
v -0.016655 3.618096 -0.594203
v -0.016655 3.658355 -0.509300
v -0.016655 3.654451 -0.500960
v -0.016655 3.610530 -0.511187
v -0.016655 3.572087 -0.505577
v -0.016655 3.540033 -0.483178
v -0.016655 3.519836 -0.430395
v -0.016655 3.532047 -0.308286
v -0.016655 3.533573 -0.248758
v -0.016655 3.527468 -0.076279
v -0.016655 3.530520 0.058041
v -0.016655 3.538152 0.167938
v -0.019318 3.515231 0.244005
v -0.056257 3.032764 0.782456
v -0.044306 3.020636 0.784526
v -0.059379 2.998777 0.662974
v -0.080198 3.018893 0.658241
v -0.065146 3.016332 0.780861
v -0.053016 3.006002 0.783044
v -0.076977 2.982039 0.658651
v -0.098115 2.998981 0.653898
v -0.098922 2.985030 0.798677
v -0.086272 2.978258 0.800798
v -0.120511 2.917359 0.748671
v -0.142671 2.927882 0.744993
v -0.097295 2.958589 0.825499
v -0.087998 2.953238 0.825885
v -0.120386 2.906484 0.809238
v -0.136699 2.914868 0.808490
v -0.101919 2.937286 0.880131
v -0.094977 2.933801 0.880624
v -0.106247 2.905832 0.877705
v -0.115636 2.910237 0.877100
v -0.125465 2.964024 0.673530
v -0.102697 2.949597 0.678410
v -0.067191 2.995679 0.787639
v -0.080206 3.004688 0.785143
v 0.138614 2.909496 -0.663033
v 0.111163 2.868835 -0.667556
v -0.138614 2.909496 -0.663033
v -0.111163 2.868835 -0.667556
vn 0.8460 0.3047 -0.4376
vn 0.8037 0.0846 -0.5890
vn 0.3771 -0.5308 -0.7590
vn 0.9880 0.0535 -0.1447
vn 0.7930 -0.5952 0.1297
vn 0.9326 0.2817 -0.2256
vn 0.9148 0.3655 0.1722
vn 0.6474 0.0593 0.7599
vn 0.8983 0.4338 -0.0706
vn 0.6652 0.7423 0.0812
vn 0.1235 0.8054 0.5798
vn 0.7801 0.6136 -0.1222
vn -0.3124 0.8990 -0.3071
vn 0.6902 0.6420 -0.3340
vn 0.4544 0.8106 -0.3693
vn -0.1809 0.2167 -0.9593
vn 0.7219 0.4851 -0.4936
vn 0.5214 0.4629 -0.7168
vn 0.7882 -0.6154 0.0097
vn 0.7882 -0.6153 0.0108
vn 0.5908 0.8039 -0.0688
vn 0.7920 -0.6054 0.0784
vn 0.7715 0.0054 -0.6362
vn 0.7574 -0.4196 -0.5002
vn 0.6546 0.3608 -0.6643
vn 0.6589 0.7122 -0.2420
vn 0.6581 0.7122 -0.2444
vn 0.5005 0.8384 -0.2158
vn 0.5098 -0.7991 -0.3188
vn 0.3232 0.8848 -0.3357
vn 0.3852 -0.9172 0.1018
vn 0.5744 0.8164 -0.0598
vn 0.3882 -0.9197 0.0595
vn 0.4339 0.8760 0.2108
vn 0.4192 -0.9010 -0.1115
vn 0.8704 0.4717 -0.1409
vn 0.8698 0.4721 -0.1433
vn 0.8687 0.4744 -0.1428
vn 0.8857 0.4428 0.1395
vn 0.8799 -0.4750 0.0127
vn 0.8804 -0.4741 0.0128
vn 0.8879 0.4587 -0.0358
vn 0.8692 -0.4911 0.0578
vn 0.6831 0.7100 0.1714
vn 0.6598 0.7278 -0.1872
vn 0.6580 0.7295 -0.1866
vn 0.6957 -0.6610 -0.2812
vn 0.9717 -0.2312 -0.0491
vn 0.9876 0.1570 -0.0042
vn 0.9826 0.1325 0.1299
vn 0.9830 0.1326 0.1270
vn 0.9510 -0.2899 -0.1079
vn 0.8327 -0.5501 -0.0630
vn 0.8651 0.4812 -0.1419
vn 0.8662 0.4790 -0.1424
vn 0.8645 0.4815 -0.1443
vn 0.9568 0.1760 -0.2314
vn 0.9640 -0.2330 0.1277
vn 0.9634 -0.2358 0.1277
vn 0.9717 -0.2360 0.0066
vn 0.9790 0.1887 -0.0774
vn 0.9793 0.1879 -0.0750
vn 0.8843 -0.2488 -0.3951
vn 0.9686 -0.2468 0.0300
vn 0.9886 0.1485 0.0258
vn 0.6247 0.7786 0.0592
vn 0.8798 -0.4642 0.1025
vn 0.8653 -0.4869 0.1189
vn 0.8931 0.4471 0.0501
vn 0.5255 0.8493 0.0504
vn 0.3896 -0.9054 0.1687
vn 0.3891 -0.9085 0.1521
vn 0.7854 -0.6066 0.1231
vn 0.7749 -0.6195 0.1259
vn 0.7672 -0.6337 0.0990
vn 0.9628 -0.2316 0.1395
vn 0.9624 -0.2316 0.1423
vn 0.3334 0.8882 0.3161
vn 0.9813 -0.0659 0.1808
vn 0.9451 0.3127 0.0953
vn 0.8869 -0.3042 -0.3477
vn 0.4642 -0.8623 0.2021
vn 0.4487 -0.8700 0.2043
vn 0.4268 -0.8906 0.1571
vn 0.8482 -0.4985 0.1789
vn 0.8439 -0.5146 0.1516
vn 0.8579 -0.5028 0.1064
vn 0.3536 -0.0391 -0.9346
vn 0.2213 0.4510 -0.8646
vn 0.4374 0.4551 -0.7756
vn 0.3796 -0.4958 -0.7811
vn 0.6461 -0.4920 -0.5835
vn 0.8974 -0.4187 -0.1391
vn 0.7849 -0.5854 -0.2031
vn 0.9264 -0.3712 -0.0626
vn 0.6691 -0.5839 0.4597
vn 0.7272 -0.6665 0.1644
vn 0.9102 0.3469 0.2263
vn 0.9578 0.1999 0.2065
vn 0.6544 0.7086 0.2638
vn 0.7770 -0.5916 0.2152
vn 0.7995 -0.5520 0.2367
vn 0.9655 0.1846 -0.1836
vn 0.5809 0.5217 -0.6248
vn 0.8254 -0.5642 0.0200
vn 0.9604 -0.2665 -0.0810
vn 0.5932 -0.8025 0.0644
vn 0.3164 0.7811 -0.5382
vn 0.3130 -0.9496 0.0197
vn 0.5409 0.6989 -0.4679
vn 0.9908 0.0962 -0.0947
vn 0.9965 0.0708 -0.0435
vn 0.9979 0.0541 -0.0354
vn 0.9829 -0.1757 -0.0555
vn 0.9974 -0.0151 -0.0701
vn 0.9960 -0.0466 -0.0764
vn 0.9984 0.0180 -0.0529
vn 0.9978 -0.0094 -0.0649
vn 0.9821 -0.1885 -0.0042
vn 0.9972 -0.0339 -0.0664
vn 0.3784 0.8727 0.3086
vn 0.9805 0.1953 0.0230
vn 0.3415 0.6498 -0.6791
vn 0.8572 0.3978 -0.3271
vn 0.8135 0.3241 -0.4829
vn 0.7560 0.2804 -0.5915
vn 0.9050 0.0815 -0.4175
vn 0.8780 -0.0203 -0.4782
vn 0.5842 -0.8104 -0.0430
vn 0.3722 -0.9276 -0.0320
vn 0.8165 -0.5084 -0.2736
vn 0.8627 -0.5030 -0.0525
vn 0.8621 -0.5040 -0.0526
vn 0.8621 -0.5040 -0.0537
vn 0.6759 -0.7277 -0.1167
vn 0.6561 -0.7512 -0.0723
vn 0.6949 -0.7133 -0.0908
vn 0.8612 -0.5058 -0.0494
vn 0.8601 -0.5076 -0.0516
vn 0.8598 -0.5082 -0.0501
vn 0.8596 -0.5083 -0.0523
vn 0.8234 -0.5673 -0.0134
vn 0.7941 -0.6059 -0.0480
vn 0.7953 -0.6042 -0.0496
vn 0.7959 -0.6034 -0.0494
vn 0.7484 -0.6382 -0.1802
vn 0.7703 -0.6108 -0.1830
vn 0.7489 -0.6378 -0.1798
vn 0.7487 -0.6383 -0.1788
vn 0.5017 0.8641 0.0417
vn 0.4959 0.8675 0.0390
vn 0.4988 0.8655 0.0450
vn 0.9230 -0.2706 -0.2735
vn 0.9173 -0.2836 -0.2796
vn 0.9177 -0.2822 -0.2797
vn 0.5192 -0.2336 -0.8221
vn 0.5227 -0.2144 -0.8251
vn 0.5156 -0.2043 -0.8321
vn 0.5687 -0.1764 -0.8034
vn -0.4031 0.1580 0.9014
vn -0.3520 0.1756 0.9194
vn -0.4034 0.2396 0.8831
vn -0.4094 0.1566 0.8988
vn -0.0883 -0.9835 0.1578
vn -0.1423 -0.9859 0.0878
vn -0.0358 -0.9930 0.1122
vn -0.6650 -0.7351 -0.1317
vn -0.8988 0.3443 0.2713
vn -0.8695 0.3548 0.3435
vn -0.8989 0.3479 0.2663
vn 0.6257 0.7742 0.0956
vn 0.6299 0.7714 0.0911
vn 0.6255 0.7745 0.0943
vn -0.5965 -0.7920 -0.1299
vn -0.6482 -0.7585 -0.0670
vn -0.6500 -0.7555 -0.0816
vn -0.9563 0.2876 -0.0515
vn 0.9384 -0.3254 0.1167
vn 0.9718 -0.2304 -0.0492
vn -0.9372 0.3028 0.1733
vn 0.6897 0.7040 0.1698
vn 0.7516 -0.2951 0.5899
vn 0.6484 0.7469 0.1472
vn -0.6306 -0.7685 -0.1084
vn 0.6400 -0.7660 0.0605
vn 0.6839 0.7065 0.1820
vn 0.9038 0.3827 0.1914
vn 0.9773 0.1478 0.1519
vn 0.9768 0.1507 0.1519
vn 0.6387 0.7591 -0.1255
vn 0.9542 -0.2327 0.1882
vn 0.7302 -0.6817 0.0453
vn 0.9148 -0.3924 0.0952
vn 0.9776 0.1439 0.1536
vn 0.8130 0.5823 -0.0077
vn 0.6702 0.6906 -0.2719
vn 0.9633 -0.2626 0.0556
vn 0.9795 0.0720 0.1880
vn 0.9415 0.3191 0.1080
vn 0.7047 -0.7088 -0.0315
vn 0.8390 -0.5402 -0.0650
vn 0.9716 -0.1744 0.1596
vn 0.5620 -0.7922 0.2380
vn 0.5152 -0.8084 0.2846
vn 0.9447 -0.2526 0.2092
vn 0.6229 0.7261 0.2911
vn 0.6387 -0.7220 0.2658
vn 0.6612 -0.7168 0.2213
vn 0.6865 -0.6750 0.2703
vn 0.5612 0.8107 0.1670
vn 0.8683 -0.4789 0.1289
vn 0.9618 0.1890 0.1978
vn 0.9223 0.3413 0.1811
vn 1.0000 0.0058 0.0037
vn 1.0000 -0.0019 0.0040
vn 0.3555 -0.9332 0.0519
vn 0.6910 -0.7184 0.0803
vn 0.6902 -0.7191 0.0802
vn 0.9642 -0.2566 0.0669
vn 0.8229 -0.5594 0.0995
vn 0.8229 -0.5593 0.1006
vn 0.9729 0.2229 -0.0608
vn 0.9725 0.2253 -0.0600
vn 0.8625 0.4521 -0.2275
vn 0.3322 0.8471 -0.4147
vn 0.5825 0.7389 -0.3388
vn 1.0000 -0.0000 -0.0000
vn 0.9983 0.0519 -0.0248
vn -0.9959 0.0906 0.0032
vn -0.9958 0.0915 -0.0021
vn -0.7150 -0.6884 -0.1221
vn -0.4700 -0.7409 0.4798
vn -0.7664 -0.6424 -0.0020
vn 0.9058 -0.3551 -0.2310
vn 0.7055 -0.6874 0.1725
vn 0.5042 -0.8561 0.1134
vn 0.3559 -0.8042 -0.4760
vn 0.3121 -0.0954 -0.9452
vn -0.1363 -0.2365 -0.9620
vn -0.2282 0.0091 -0.9736
vn 0.0016 -0.3976 0.9176
vn 0.2909 -0.0814 0.9533
vn 0.1734 0.0006 0.9849
vn 0.8049 0.4825 0.3455
vn 0.9721 0.2088 -0.1071
vn 0.8084 0.5781 0.1113
vn 0.8279 0.4851 0.2816
vn -0.1398 0.4807 0.8657
vn 0.7906 0.6088 0.0655
vn -0.8209 -0.5705 0.0234
vn -0.8706 -0.4751 -0.1281
vn -0.8826 -0.4392 -0.1676
vn 0.4219 -0.8939 -0.1514
vn -0.2976 0.6777 0.6724
vn 0.0974 -0.0632 0.9932
vn 0.4474 -0.8907 0.0806
vn -0.4320 0.8292 0.3547
vn 0.8089 0.5442 0.2224
vn -0.7356 -0.6772 0.0158
vn 0.7202 0.6904 0.0682
vn -0.0586 0.3061 0.9502
vn 0.1134 -0.4333 -0.8941
vn -0.8460 0.3047 -0.4376
vn -0.8037 0.0846 -0.5890
vn -0.3771 -0.5308 -0.7590
vn -0.9880 0.0535 -0.1447
vn -0.7930 -0.5952 0.1297
vn -0.9326 0.2817 -0.2256
vn -0.9148 0.3655 0.1722
vn -0.6474 0.0593 0.7599
vn -0.8983 0.4338 -0.0706
vn -0.6652 0.7423 0.0812
vn -0.1235 0.8054 0.5798
vn -0.7801 0.6136 -0.1222
vn 0.3124 0.8990 -0.3071
vn -0.6902 0.6420 -0.3340
vn -0.4544 0.8106 -0.3693
vn 0.1809 0.2167 -0.9593
vn -0.7219 0.4851 -0.4936
vn -0.5214 0.4629 -0.7168
vn -0.7882 -0.6154 0.0097
vn -0.7876 -0.6161 0.0095
vn -0.5908 0.8039 -0.0688
vn -0.7920 -0.6054 0.0784
vn -0.7715 0.0054 -0.6362
vn -0.7574 -0.4196 -0.5002
vn -0.6546 0.3608 -0.6643
vn -0.6589 0.7122 -0.2420
vn -0.6572 0.7133 -0.2434
vn -0.5005 0.8384 -0.2158
vn -0.5098 -0.7991 -0.3188
vn -0.3232 0.8848 -0.3357
vn -0.3852 -0.9172 0.1018
vn -0.5744 0.8164 -0.0598
vn -0.3882 -0.9197 0.0595
vn -0.4339 0.8760 0.2108
vn -0.4192 -0.9010 -0.1115
vn -0.8710 0.4704 -0.1420
vn -0.8695 0.4734 -0.1411
vn -0.8698 0.4721 -0.1433
vn -0.8857 0.4428 0.1395
vn -0.8799 -0.4750 0.0127
vn -0.8799 -0.4750 0.0137
vn -0.8879 0.4587 -0.0358
vn -0.8692 -0.4911 0.0578
vn -0.6831 0.7100 0.1714
vn -0.6598 0.7278 -0.1872
vn -0.6592 0.7288 -0.1851
vn -0.6957 -0.6610 -0.2812
vn -0.9717 -0.2312 -0.0491
vn -0.9876 0.1570 -0.0042
vn -0.9826 0.1325 0.1299
vn -0.9822 0.1354 0.1299
vn -0.9510 -0.2899 -0.1079
vn -0.8327 -0.5501 -0.0630
vn -0.8651 0.4812 -0.1419
vn -0.8639 0.4829 -0.1433
vn -0.8654 0.4799 -0.1440
vn -0.9568 0.1760 -0.2314
vn -0.9640 -0.2330 0.1277
vn -0.9644 -0.2330 0.1248
vn -0.9717 -0.2360 0.0066
vn -0.9790 0.1887 -0.0774
vn -0.9795 0.1864 -0.0764
vn -0.8843 -0.2488 -0.3951
vn -0.9686 -0.2468 0.0300
vn -0.9886 0.1485 0.0258
vn -0.6247 0.7786 0.0592
vn -0.8767 -0.4718 0.0937
vn -0.8653 -0.4869 0.1189
vn -0.8931 0.4471 0.0501
vn -0.5255 0.8493 0.0504
vn -0.3896 -0.9054 0.1687
vn -0.3830 -0.9108 0.1541
vn -0.7845 -0.6090 0.1169
vn -0.7606 -0.6403 0.1073
vn -0.7749 -0.6195 0.1259
vn -0.9628 -0.2316 0.1395
vn -0.9621 -0.2344 0.1395
vn -0.3334 0.8882 0.3161
vn -0.9813 -0.0659 0.1808
vn -0.9451 0.3127 0.0953
vn -0.8869 -0.3042 -0.3477
vn -0.4642 -0.8623 0.2021
vn -0.4137 -0.8933 0.1755
vn -0.4500 -0.8678 0.2106
vn -0.8542 -0.4911 0.1707
vn -0.8680 -0.4722 0.1538
vn -0.8439 -0.5146 0.1516
vn -0.0000 0.4881 -0.8728
vn -0.4374 0.4551 -0.7756
vn -0.6461 -0.4920 -0.5835
vn -0.8974 -0.4187 -0.1391
vn -0.7849 -0.5854 -0.2031
vn -0.5103 -0.6147 0.6014
vn -0.7567 -0.6309 0.1712
vn -0.7125 -0.6804 0.1716
vn -0.9102 0.3469 0.2263
vn -0.9578 0.1999 0.2065
vn -0.6544 0.7086 0.2638
vn -0.7770 -0.5916 0.2152
vn -0.7699 -0.5810 0.2640
vn -0.9655 0.1846 -0.1836
vn -0.5809 0.5217 -0.6248
vn -0.8254 -0.5642 0.0200
vn -0.9604 -0.2665 -0.0810
vn -0.5932 -0.8025 0.0644
vn -0.3164 0.7811 -0.5382
vn -0.3130 -0.9496 0.0197
vn -0.5409 0.6989 -0.4679
vn -0.9908 0.0962 -0.0947
vn -0.9965 0.0708 -0.0435
vn -0.9979 0.0541 -0.0354
vn -0.9829 -0.1757 -0.0555
vn -0.9974 -0.0151 -0.0701
vn -0.9960 -0.0466 -0.0764
vn -0.9984 0.0180 -0.0529
vn -0.9978 -0.0094 -0.0649
vn -0.9821 -0.1885 -0.0042
vn -0.9972 -0.0339 -0.0664
vn -0.3784 0.8727 0.3086
vn -0.9805 0.1953 0.0230
vn -0.3415 0.6498 -0.6791
vn -0.8572 0.3978 -0.3271
vn -0.8135 0.3241 -0.4829
vn -0.7560 0.2804 -0.5915
vn -0.9050 0.0815 -0.4175
vn -0.8780 -0.0203 -0.4782
vn -0.5842 -0.8104 -0.0430
vn -0.3722 -0.9276 -0.0320
vn -0.8165 -0.5084 -0.2736
vn -0.8621 -0.5041 -0.0516
vn -0.8626 -0.5032 -0.0525
vn -0.8621 -0.5040 -0.0526
vn -0.6702 -0.7375 -0.0837
vn -0.6949 -0.7133 -0.0908
vn -0.6766 -0.7221 -0.1443
vn -0.8609 -0.5060 -0.0534
vn -0.8597 -0.5081 -0.0523
vn -0.8595 -0.5086 -0.0504
vn -0.8599 -0.5079 -0.0506
vn -0.7923 -0.6101 0.0081
vn -0.7959 -0.6034 -0.0494
vn -0.7957 -0.6036 -0.0503
vn -0.7954 -0.6043 -0.0462
vn -0.7488 -0.6377 -0.1805
vn -0.7482 -0.6386 -0.1799
vn -0.7489 -0.6378 -0.1798
vn -0.7573 -0.6192 -0.2078
vn -0.4988 0.8655 0.0450
vn -0.4973 0.8667 0.0380
vn -0.5021 0.8637 0.0439
vn -0.9210 -0.2845 -0.2660
vn -0.9177 -0.2822 -0.2797
vn -0.9173 -0.2836 -0.2795
vn -0.5271 -0.2327 -0.8173
vn -0.5678 -0.2396 -0.7875
vn -0.5289 -0.2004 -0.8247
vn -0.5226 -0.2144 -0.8251
vn 0.4054 0.1575 0.9004
vn 0.4103 0.1585 0.8981
vn 0.4768 0.1625 0.8639
vn 0.3643 0.2013 0.9093
vn 0.4132 -0.8988 -0.1462
vn 0.4534 -0.8853 -0.1031
vn 0.4565 -0.8890 -0.0344
vn 0.6650 -0.7351 -0.1317
vn 0.8996 0.3431 0.2701
vn 0.8989 0.3479 0.2663
vn 0.8648 0.4233 0.2701
vn -0.6256 0.7742 0.0956
vn -0.6255 0.7745 0.0943
vn -0.6304 0.7706 0.0942
vn 0.6309 -0.7759 -0.0058
vn 0.6500 -0.7555 -0.0816
vn 0.6539 -0.7536 -0.0672
vn 0.9563 0.2876 -0.0515
vn -0.9384 -0.3254 0.1167
vn -0.9718 -0.2304 -0.0492
vn 0.9372 0.3028 0.1733
vn -0.6897 0.7040 0.1698
vn -0.7516 -0.2951 0.5899
vn -0.6484 0.7469 0.1472
vn 0.6306 -0.7685 -0.1084
vn -0.6400 -0.7660 0.0605
vn -0.6839 0.7065 0.1820
vn -0.9038 0.3827 0.1914
vn -0.9773 0.1478 0.1519
vn -0.9768 0.1478 0.1548
vn -0.6387 0.7591 -0.1255
vn -0.9542 -0.2327 0.1882
vn -0.7302 -0.6817 0.0453
vn -0.9148 -0.3924 0.0952
vn -0.9776 0.1439 0.1536
vn -0.8130 0.5823 -0.0077
vn -0.6702 0.6906 -0.2719
vn -0.9633 -0.2626 0.0556
vn -0.9795 0.0720 0.1880
vn -0.9415 0.3191 0.1080
vn -0.7047 -0.7088 -0.0315
vn -0.8390 -0.5402 -0.0650
vn -0.9716 -0.1744 0.1596
vn -0.5620 -0.7922 0.2380
vn -0.5306 -0.7934 0.2983
vn -0.9447 -0.2526 0.2092
vn -0.6229 0.7261 0.2911
vn -0.6243 -0.7505 0.2167
vn -0.6994 -0.6685 0.2530
vn -0.6612 -0.7168 0.2213
vn -0.5612 0.8107 0.1670
vn -0.8683 -0.4789 0.1289
vn -0.9618 0.1890 0.1978
vn -0.9223 0.3413 0.1811
vn -1.0000 0.0058 0.0037
vn -1.0000 -0.0019 0.0040
vn -0.3555 -0.9332 0.0519
vn -0.6910 -0.7184 0.0803
vn -0.6910 -0.7185 0.0793
vn -0.9642 -0.2566 0.0669
vn -0.8234 -0.5584 0.1007
vn -0.8229 -0.5593 0.1006
vn -0.9726 0.2239 -0.0621
vn -0.9725 0.2253 -0.0600
vn -0.8625 0.4521 -0.2275
vn -0.3322 0.8471 -0.4147
vn -0.5825 0.7389 -0.3388
vn -1.0000 -0.0000 -0.0000
vn -0.9983 0.0519 -0.0248
vn -0.9987 0.0504 0.0065
vn -0.9997 0.0080 -0.0238
vn 0.7159 -0.6873 -0.1228
vn 0.7664 -0.6424 -0.0020
vn 0.3309 -0.9062 0.2633
vn 0.0065 -0.8953 0.4454
vn -0.4907 -0.8406 0.2294
vn -0.4950 -0.8663 0.0674
vn -0.3559 -0.8042 -0.4760
vn -0.3082 0.1312 -0.9422
vn 0.2282 0.0091 -0.9736
vn 0.4044 -0.1704 -0.8986
vn -0.2353 -0.4201 0.8764
vn -0.1734 0.0006 0.9849
vn -0.2895 -0.0834 0.9535
vn -0.9302 0.3610 0.0660
vn -0.8084 0.5781 0.1113
vn -0.8869 0.3624 -0.2864
vn -0.8279 0.4851 0.2816
vn 0.1398 0.4807 0.8657
vn -0.7906 0.6088 0.0655
vn 0.8209 -0.5705 0.0234
vn 0.8706 -0.4751 -0.1281
vn 0.8826 -0.4392 -0.1676
vn -0.4219 -0.8939 -0.1514
vn 0.2976 0.6777 0.6724
vn -0.0974 -0.0632 0.9932
vn -0.4474 -0.8907 0.0806
vn 0.4320 0.8292 0.3547
vn -0.8089 0.5442 0.2224
vn 0.7356 -0.6772 0.0158
vn -0.7202 0.6904 0.0682
vn 0.0586 0.3061 0.9502
vn -0.1134 -0.4333 -0.8941
vn -0.0000 0.9419 0.3360
vn -0.0000 0.9709 0.2393
vn -0.0000 -0.7869 0.6170
vn -0.0000 0.5340 0.8455
vn -0.0000 0.9575 0.2885
vn -0.0000 0.9976 -0.0693
vn -0.0000 0.9997 -0.0227
vn -0.0000 0.9994 0.0354
vn -0.0000 0.9997 -0.0256
vn -0.0000 0.9950 -0.0995
vn -0.0000 0.9340 0.3574
vn -0.0000 0.5728 0.8197
vn -0.0000 0.1444 0.9895
vn -0.0000 -0.2268 0.9739
vn -0.0000 0.9057 0.4240
vn -0.0000 0.9036 -0.4285
vn -0.0000 0.7961 -0.6052
vn -0.0000 0.6044 -0.7967
vn -0.0000 0.3592 -0.9333
vn -0.0000 0.2952 -0.9554
vn -0.0000 0.9341 -0.3570
vn -0.0000 0.9009 -0.4340
vn -0.0000 0.8231 -0.5679
vn -0.0000 0.7038 -0.7104
vn -0.2258 0.4514 -0.8633
vn -0.3539 -0.0450 -0.9342
vn -0.3739 -0.4953 -0.7841
vn -0.0000 -0.6013 -0.7990
vn -0.0000 -0.9243 -0.3817
vn -0.0000 -0.9998 -0.0196
vn -0.0000 -0.9999 0.0129
vn -0.0000 -0.9988 0.0488
vn -0.0000 -0.9926 -0.1217
vn -0.0000 -0.9976 0.0686
vn -0.0000 -0.9944 0.1055
vn -0.0000 -0.9840 0.1780
vn -0.0000 -0.9760 0.2176
vn -0.0000 -0.9634 0.2679
vn -0.0000 -0.9992 0.0405
vn -0.0000 -0.9917 -0.1285
vn -0.0000 -0.9677 -0.2520
vn -0.0000 -0.5727 -0.8198
vn -0.0000 -0.6534 -0.7570
vn -0.0000 -0.9534 -0.3018
vn -0.0000 -0.6455 0.7637
vn -0.0000 0.5297 0.8482
vn -0.0000 -0.0783 0.9969
vn -0.0000 0.4095 0.9123
vn -0.0000 -0.4305 0.9026
vn -0.0000 -0.0462 0.9989
vn -0.0000 -0.4936 0.8697
vn -0.0000 0.8124 0.5831
vn -0.0000 0.9192 -0.3938
vn -0.0000 0.7629 -0.6466
vn -0.0000 0.6100 -0.7924
vn -0.0000 0.9638 -0.2666
vn -0.0000 0.9959 -0.0909
vn -0.0000 0.9835 0.1811
vn -0.0000 0.9466 0.3225
vn 0.1295 0.0223 -0.9913
vn 0.1105 0.0263 -0.9935
vn 0.0904 0.0739 -0.9932
vn 0.1612 0.0095 -0.9869
vn -0.1289 0.0222 -0.9914
vn -0.1634 0.0281 -0.9862
vn -0.1639 0.0762 -0.9835
vn -0.1109 0.0178 -0.9937
vn -0.9973 0.0737 -0.0027
vn -0.9967 0.0810 -0.0081
vn 0.9997 0.0080 -0.0238
vn 0.9987 0.0504 0.0065
vn 0.9958 0.0915 -0.0021
vn 0.9959 0.0906 0.0032
vn 0.9973 0.0737 -0.0027
vn 0.9967 0.0810 -0.0081
vn 0.9799 0.1846 -0.0758
vn 0.9886 0.0123 0.1502
vn 0.9976 0.0011 0.0689
vn 0.6889 -0.6970 0.1992
vn 0.7623 -0.6198 0.1864
vn 0.6099 -0.5025 0.6129
vn 0.7334 -0.6630 0.1505
vn 0.7954 -0.5507 0.2530
vn 0.3940 -0.7752 0.4938
vn 0.5457 0.8377 0.0223
vn 0.5420 0.8404 0.0042
vn 0.5404 0.8414 0.0034
vn 0.5221 0.8508 0.0589
vn 0.5224 0.8509 0.0549
vn 0.5212 0.8514 0.0593
vn -0.4810 -0.8609 -0.1659
vn -0.4819 -0.8730 -0.0747
vn -0.5190 -0.8530 -0.0556
vn -0.4059 -0.9127 -0.0477
vn -0.4526 -0.8874 -0.0876
vn -0.4216 -0.8942 -0.1505
vn -0.0036 -0.9997 0.0244
vn 0.4951 -0.8662 0.0674
vn 0.4902 -0.8408 0.2294
vn 0.4777 -0.8244 0.3036
vn 0.5870 -0.7977 0.1383
vn 0.5788 -0.7849 0.2210
vn 0.7549 -0.6422 0.1330
vn 0.7307 -0.6694 0.1342
vn 0.6800 -0.7228 -0.1233
vn -0.9976 0.0030 0.0685
vn -0.9886 0.0131 0.1501
vn -0.9276 0.0600 0.3687
vn -0.3487 -0.8720 0.3436
vn -0.7962 -0.5506 0.2509
vn -0.7291 -0.6679 0.1492
vn -0.7348 -0.6585 0.1624
vn -0.6560 -0.5987 0.4596
vn -0.8681 -0.2822 0.4084
vn -0.5230 0.8505 0.0552
vn -0.5225 0.8506 0.0587
vn -0.5212 0.8514 0.0593
vn -0.5420 0.8404 0.0041
vn -0.5339 0.8453 0.0209
vn -0.5404 0.8414 0.0034
vn 0.5406 -0.8334 -0.1145
vn 0.4662 -0.8807 -0.0837
vn 0.4730 -0.8655 -0.1649
vn 0.0267 -0.9876 0.1549
vn 0.0598 -0.9960 0.0665
vn 0.0907 -0.9835 0.1567
vn -0.7739 -0.5190 -0.3628
vn -0.6102 -0.7893 -0.0686
vn -0.7064 -0.6866 0.1721
vn -0.7552 -0.6397 -0.1431
vn -0.7345 -0.6635 0.1424
vn -0.7575 -0.6398 0.1297
vn -0.5789 -0.7849 0.2210
vn -0.5851 -0.7991 0.1383
vn -0.4796 -0.8223 0.3063
vn 0.8339 -0.4717 0.2864
vn -0.8339 -0.4717 0.2864
vt 0.966615 0.805280
vt 0.968440 0.798693
vt 0.974073 0.804434
vt 0.966338 0.810081
vt 0.979255 0.808616
vt 0.803444 0.712501
vt 0.808272 0.714631
vt 0.808272 0.725645
vt 0.803444 0.725219
vt 0.976807 0.797826
vt 0.983991 0.797171
vt 0.983914 0.810081
vt 0.989382 0.796866
vt 0.972084 0.792064
vt 0.975810 0.787191
vt 0.785383 0.823909
vt 0.780465 0.822731
vt 0.780465 0.810092
vt 0.785383 0.809315
vt 0.964626 0.792910
vt 0.962892 0.788657
vt 0.977044 0.824076
vt 0.970321 0.822730
vt 0.970321 0.810611
vt 0.977044 0.810081
vt 0.789418 0.803686
vt 0.795402 0.804624
vt 0.791908 0.812561
vt 0.785383 0.812851
vt 0.961891 0.799518
vt 0.799311 0.809297
vt 0.797293 0.813880
vt 0.795402 0.824829
vt 0.789418 0.827016
vt 0.799311 0.820962
vt 0.023034 0.432841
vt 0.000000 0.313580
vt 0.033561 0.319723
vt 0.047028 0.432045
vt 0.247819 0.303145
vt 0.267834 0.419484
vt 0.245527 0.422257
vt 0.223943 0.311063
vt 0.046447 0.543313
vt 0.070795 0.541183
vt 0.021849 0.002881
vt 0.036878 0.000000
vt 0.041461 0.012499
vt 0.024945 0.015668
vt 0.000206 0.022503
vt 0.010782 0.034795
vt 0.864920 0.692508
vt 0.873016 0.661964
vt 0.887131 0.664318
vt 0.878887 0.685376
vt 0.163604 0.111729
vt 0.202771 0.181253
vt 0.177839 0.192469
vt 0.144890 0.121356
vt 0.208274 0.179933
vt 0.257249 0.297397
vt 0.699652 0.058513
vt 0.699697 0.017399
vt 0.709509 0.026351
vt 0.712143 0.066126
vt 0.883730 0.555396
vt 0.891400 0.502503
vt 0.903610 0.506728
vt 0.895699 0.558782
vt 0.681471 0.542208
vt 0.687955 0.434099
vt 0.709154 0.433130
vt 0.702242 0.541253
vt 0.278222 0.418491
vt 0.690169 0.313342
vt 0.704362 0.316142
vt 0.768509 0.275051
vt 0.775866 0.397341
vt 0.760743 0.399680
vt 0.751955 0.280142
vt 0.694078 0.210349
vt 0.706762 0.213166
vt 0.183683 0.317102
vt 0.144858 0.204025
vt 0.244895 0.529167
vt 0.229417 0.655604
vt 0.200259 0.655569
vt 0.201668 0.530819
vt 0.069330 0.320539
vt 0.084551 0.431491
vt 0.200253 0.424411
vt 0.102320 0.536832
vt 0.268196 0.529483
vt 0.247604 0.657083
vt 0.725133 0.037881
vt 0.730700 0.075888
vt 0.115717 0.319798
vt 0.060682 0.213681
vt 0.101006 0.209869
vt 0.126684 0.428935
vt 0.137350 0.532739
vt 0.150342 0.658395
vt 0.060119 0.113931
vt 0.030670 0.117846
vt 0.018197 0.073975
vt 0.043115 0.070471
vt 0.004470 0.117427
vt 0.000797 0.072148
vt 0.112563 0.132804
vt 0.099068 0.105242
vt 0.076800 0.063222
vt 0.124128 0.660107
vt 0.032002 0.039553
vt 0.100346 0.663993
vt 0.765019 0.179576
vt 0.751955 0.184579
vt 0.676410 0.663084
vt 0.693588 0.661407
vt 0.084803 0.667048
vt 0.160538 0.754394
vt 0.135895 0.754107
vt 0.780305 0.487358
vt 0.770788 0.490068
vt 0.171662 0.838296
vt 0.176563 0.868773
vt 0.149104 0.871998
vt 0.154198 0.839241
vt 0.191525 0.835248
vt 0.185180 0.815662
vt 0.195460 0.815027
vt 0.198351 0.833577
vt 0.683581 0.743765
vt 0.673504 0.744171
vt 0.124921 0.753102
vt 0.865289 0.703531
vt 0.851445 0.704592
vt 0.853083 0.692991
vt 0.862935 0.662542
vt 0.694779 0.000000
vt 0.708146 0.005123
vt 0.000000 0.013568
vt 0.130018 0.836835
vt 0.133606 0.837385
vt 0.123041 0.868165
vt 0.138929 0.838696
vt 0.116332 0.739028
vt 0.105308 0.695304
vt 0.185487 0.797494
vt 0.188316 0.752346
vt 0.206712 0.750385
vt 0.196967 0.794660
vt 0.166366 0.799138
vt 0.220500 0.748104
vt 0.138073 0.797673
vt 0.149689 0.798868
vt 0.070357 0.140626
vt 0.882216 0.624891
vt 0.899813 0.629543
vt 0.011463 0.138798
vt 0.037189 0.141128
vt 0.710096 0.137220
vt 0.710287 0.116631
vt 0.733473 0.120704
vt 0.735176 0.141452
vt 0.870547 0.623361
vt 0.878240 0.583449
vt 0.890677 0.586174
vt 0.697070 0.134244
vt 0.697592 0.114576
vt 0.912862 0.594455
vt 0.331270 0.987010
vt 0.290474 0.970738
vt 0.296643 0.909369
vt 0.338766 0.977507
vt 0.250709 0.870460
vt 0.236597 0.971966
vt 0.176687 0.920801
vt 0.222290 0.854890
vt 0.056568 0.919403
vt 0.086798 0.975655
vt 0.047377 1.000000
vt 0.036097 0.992745
vt 0.132195 0.975858
vt 0.096704 0.885915
vt 0.201302 0.863482
vt 0.776247 0.533709
vt 0.782439 0.529945
vt 0.209086 0.831294
vt 0.127625 0.089416
vt 0.098337 0.049467
vt 0.053254 0.032045
vt 0.063561 0.024788
vt 0.032347 0.212596
vt 0.714430 0.227173
vt 0.711811 0.292172
vt 0.026509 0.291350
vt 0.026113 0.226121
vt 0.007492 0.290035
vt 0.011281 0.225030
vt 0.005737 0.210585
vt 0.993236 0.533561
vt 0.985164 0.539639
vt 0.963382 0.497485
vt 0.922106 0.540554
vt 0.939366 0.539639
vt 0.932592 0.582839
vt 0.912862 0.585286
vt 0.983519 0.464075
vt 0.985541 0.476940
vt 0.966136 0.476169
vt 0.963382 0.460454
vt 0.996343 0.762073
vt 0.996343 0.783667
vt 0.983781 0.774173
vt 0.987469 0.760255
vt 0.751955 0.244111
vt 0.728485 0.298646
vt 0.933165 0.451779
vt 0.963382 0.413802
vt 0.963382 0.461180
vt 0.939916 0.487951
vt 0.912862 0.422651
vt 0.927209 0.423932
vt 0.916979 0.450122
vt 0.961891 0.594193
vt 0.958154 0.621641
vt 0.953269 0.369017
vt 0.925120 0.486024
vt 0.933653 0.539639
vt 0.921409 0.539058
vt 0.912862 0.632673
vt 0.928934 0.631103
vt 0.934532 0.686655
vt 0.922452 0.688446
vt 0.950108 0.657554
vt 0.940764 0.711262
vt 0.953456 0.710624
vt 0.808272 0.742218
vt 0.827174 0.712501
vt 0.827174 0.768978
vt 0.812774 0.793974
vt 0.684074 0.787256
vt 0.680421 0.807741
vt 0.672929 0.808422
vt 0.674773 0.785555
vt 0.207377 0.792027
vt 0.204080 0.814484
vt 0.209034 0.814170
vt 0.211918 0.829628
vt 0.168591 0.816683
vt 0.152850 0.817639
vt 0.671106 0.784826
vt 0.669968 0.808847
vt 0.139919 0.818417
vt 0.676473 0.827980
vt 0.671677 0.827053
vt 0.131242 0.818927
vt 0.134508 0.818733
vt 0.757719 0.497583
vt 0.767503 0.540186
vt 0.693084 0.743966
vt 0.778221 0.554617
vt 0.783105 0.552358
vt 0.180985 0.953826
vt 0.732437 0.213287
vt 0.141329 0.079396
vt 0.343421 0.263165
vt 0.342024 0.266233
vt 0.323025 0.263738
vt 0.323615 0.234016
vt 0.306857 0.266734
vt 0.299256 0.210960
vt 0.293937 0.275534
vt 0.267584 0.193770
vt 0.287019 0.294833
vt 0.227973 0.183731
vt 0.869202 0.118833
vt 0.878877 0.179856
vt 0.847611 0.124082
vt 0.864943 0.071049
vt 0.827174 0.746091
vt 0.846498 0.704895
vt 0.855182 0.704592
vt 0.834058 0.746558
vt 0.694779 0.690644
vt 0.703817 0.688021
vt 0.943189 0.713687
vt 0.953015 0.711262
vt 0.959828 0.738631
vt 0.950277 0.740408
vt 0.988297 0.170843
vt 0.999729 0.171866
vt 0.999047 0.181446
vt 0.988415 0.179602
vt 0.799311 0.803686
vt 0.806317 0.803748
vt 0.807740 0.809660
vt 0.801186 0.810106
vt 0.108851 0.738923
vt 0.095810 0.694348
vt 0.066239 0.728771
vt 0.094420 0.746207
vt 0.084108 0.756428
vt 0.063014 0.751670
vt 0.989055 0.669271
vt 0.995350 0.670575
vt 0.989722 0.679316
vt 0.983781 0.678511
vt 0.080203 0.702347
vt 0.103284 0.740808
vt 0.839141 0.748959
vt 0.869246 0.713793
vt 0.878835 0.740632
vt 0.846928 0.754855
vt 0.855587 0.765206
vt 0.878835 0.762564
vt 0.872878 0.786493
vt 0.860145 0.785692
vt 0.956781 0.761692
vt 0.949763 0.762348
vt 0.992769 0.691463
vt 0.988458 0.691141
vt 0.803878 0.760260
vt 0.804686 0.749524
vt 0.807971 0.749592
vt 0.808272 0.760260
vt 0.947229 0.785962
vt 0.943189 0.786377
vt 0.995350 0.711620
vt 0.992156 0.711416
vt 0.076548 0.776431
vt 0.064267 0.776110
vt 0.805753 0.815356
vt 0.799311 0.816372
vt 0.999729 0.194643
vt 0.989326 0.191788
vt 0.981266 0.437429
vt 0.975781 0.434340
vt 0.982511 0.430481
vt 0.978999 0.442351
vt 0.969498 0.437000
vt 0.808272 0.725645
vt 0.808272 0.738363
vt 0.803444 0.738789
vt 0.803444 0.727775
vt 0.969498 0.424761
vt 0.975781 0.427274
vt 0.963382 0.437625
vt 0.963382 0.423494
vt 0.978999 0.417875
vt 0.981267 0.423298
vt 0.977044 0.824676
vt 0.977044 0.810081
vt 0.981962 0.810858
vt 0.981962 0.823498
vt 0.775322 0.822121
vt 0.775322 0.809930
vt 0.779737 0.812117
vt 0.779737 0.819156
vt 0.768541 0.823392
vt 0.768541 0.809314
vt 0.986752 0.426388
vt 0.817832 0.793974
vt 0.824304 0.802119
vt 0.817875 0.803085
vt 0.812270 0.796032
vt 0.986752 0.433453
vt 0.812998 0.805399
vt 0.809762 0.801327
vt 0.824304 0.816676
vt 0.817875 0.815692
vt 0.812998 0.812678
vt 0.808272 0.808634
vt 0.613151 0.431448
vt 0.583181 0.431634
vt 0.589354 0.318871
vt 0.630835 0.311365
vt 0.794935 0.089563
vt 0.825342 0.103315
vt 0.827174 0.191153
vt 0.797943 0.182427
vt 0.598187 0.542841
vt 0.567737 0.541710
vt 0.591216 0.002177
vt 0.585124 0.015014
vt 0.569269 0.012618
vt 0.576847 0.000000
vt 0.613211 0.020768
vt 0.598683 0.033434
vt 0.842072 0.689941
vt 0.830881 0.679982
vt 0.829664 0.657860
vt 0.844031 0.658707
vt 0.456364 0.117305
vt 0.467769 0.125919
vt 0.439942 0.198431
vt 0.422432 0.188519
vt 0.781042 0.000000
vt 0.794127 0.002100
vt 0.782467 0.081892
vt 0.685369 0.058151
vt 0.672342 0.065117
vt 0.677892 0.025549
vt 0.688342 0.017111
vt 0.867744 0.553599
vt 0.855120 0.554222
vt 0.864107 0.502290
vt 0.877230 0.500911
vt 0.668003 0.541866
vt 0.647341 0.539860
vt 0.648381 0.431588
vt 0.669469 0.433630
vt 0.783454 0.178714
vt 0.661752 0.315061
vt 0.676125 0.312986
vt 0.785040 0.274278
vt 0.803228 0.277742
vt 0.804012 0.397655
vt 0.788061 0.396770
vt 0.666918 0.212156
vt 0.679785 0.209987
vt 0.467381 0.208353
vt 0.434439 0.322997
vt 0.400870 0.318929
vt 0.395105 0.537674
vt 0.431325 0.537225
vt 0.446108 0.661819
vt 0.421429 0.663264
vt 0.539757 0.432678
vt 0.547536 0.321199
vt 0.425090 0.430900
vt 0.386613 0.430938
vt 0.529779 0.538686
vt 0.827082 0.284745
vt 0.822502 0.402058
vt 0.821708 0.019464
vt 0.625501 0.059239
vt 0.608866 0.070234
vt 0.498234 0.322515
vt 0.507967 0.212124
vt 0.551099 0.214144
vt 0.494670 0.431991
vt 0.491984 0.536146
vt 0.493741 0.662324
vt 0.543577 0.114491
vt 0.560289 0.070371
vt 0.587883 0.072781
vt 0.575286 0.117097
vt 0.606862 0.115587
vt 0.494454 0.135760
vt 0.506948 0.107640
vt 0.529261 0.064722
vt 0.521589 0.662870
vt 0.575173 0.039102
vt 0.549378 0.665738
vt 0.664180 0.662774
vt 0.647158 0.660229
vt 0.569740 0.668167
vt 0.521204 0.757360
vt 0.494985 0.758738
vt 0.802803 0.488570
vt 0.792648 0.486780
vt 0.495985 0.843142
vt 0.514069 0.843303
vt 0.523192 0.875813
vt 0.495625 0.873843
vt 0.476784 0.841019
vt 0.470582 0.839674
vt 0.471422 0.821005
vt 0.480611 0.821151
vt 0.661127 0.743857
vt 0.651099 0.742942
vt 0.535016 0.755911
vt 0.853567 0.661489
vt 0.615923 0.011894
vt 0.541659 0.839866
vt 0.550223 0.870823
vt 0.537573 0.840568
vt 0.530931 0.842094
vt 0.543060 0.741475
vt 0.547607 0.754612
vt 0.477949 0.803003
vt 0.467685 0.800721
vt 0.452755 0.756913
vt 0.469163 0.757996
vt 0.495773 0.803748
vt 0.817889 0.494767
vt 0.527222 0.801059
vt 0.513536 0.802740
vt 0.533494 0.141581
vt 0.828551 0.621536
vt 0.847008 0.620935
vt 0.600610 0.137232
vt 0.569398 0.140623
vt 0.669166 0.136182
vt 0.643822 0.139135
vt 0.647045 0.118513
vt 0.670487 0.115621
vt 0.858749 0.622035
vt 0.851217 0.581740
vt 0.864080 0.581858
vt 0.682386 0.133872
vt 0.683309 0.114214
vt 0.827174 0.584826
vt 0.349908 0.998963
vt 0.343421 0.989846
vt 0.380936 0.919892
vt 0.389576 0.980859
vt 0.423209 0.878932
vt 0.441960 0.979604
vt 0.449859 0.862078
vt 0.497689 0.925777
vt 0.618046 0.918922
vt 0.643822 0.991232
vt 0.631629 0.998963
vt 0.590030 0.976437
vt 0.545200 0.978716
vt 0.576580 0.887327
vt 0.470877 0.869693
vt 0.801625 0.532521
vt 0.794694 0.529372
vt 0.461451 0.837916
vt 0.483466 0.093251
vt 0.511975 0.052064
vt 0.546805 0.025872
vt 0.554447 0.032590
vt 0.653103 0.073920
vt 0.584870 0.211875
vt 0.611816 0.223426
vt 0.618837 0.208796
vt 0.619892 0.288161
vt 0.596460 0.290255
vt 0.592599 0.225107
vt 0.978430 0.021219
vt 0.950024 0.062631
vt 0.941973 0.056376
vt 0.961595 0.171419
vt 0.968810 0.215408
vt 0.947958 0.213510
vt 0.941973 0.170843
vt 0.787406 0.790815
vt 0.807542 0.787193
vt 0.804787 0.802915
vt 0.785383 0.803686
vt 0.983781 0.738661
vt 0.992655 0.736844
vt 0.996343 0.750761
vt 0.983781 0.760255
vt 0.803435 0.647345
vt 0.765064 0.598295
vt 0.783580 0.585741
vt 0.780159 0.681177
vt 0.775967 0.717351
vt 0.751955 0.690301
vt 0.751955 0.642908
vt 0.983781 0.669271
vt 0.983178 0.696598
vt 0.965021 0.699393
vt 0.967247 0.671637
vt 0.983360 0.062620
vt 0.953178 0.088734
vt 0.786533 0.653397
vt 0.978115 0.732717
vt 0.983781 0.785788
vt 0.970221 0.787191
vt 0.961891 0.735621
vt 0.970990 0.262751
vt 0.967148 0.319097
vt 0.953457 0.317553
vt 0.953588 0.261585
vt 0.979555 0.107538
vt 0.952476 0.124042
vt 0.955782 0.343068
vt 0.941973 0.342739
vt 0.964807 0.155803
vt 0.941973 0.170843
vt 0.780783 0.769088
vt 0.762067 0.746149
vt 0.536875 0.798604
vt 0.535286 0.821983
vt 0.527646 0.821873
vt 0.811958 0.538105
vt 0.809621 0.556755
vt 0.801293 0.553537
vt 0.801146 0.566131
vt 0.797529 0.563866
vt 0.795711 0.551768
vt 0.512811 0.821650
vt 0.496127 0.821395
vt 0.541093 0.797526
vt 0.539421 0.822044
vt 0.465239 0.820901
vt 0.459583 0.836401
vt 0.660536 0.784558
vt 0.656823 0.785100
vt 0.495661 0.958949
vt 0.625923 0.131062
vt 0.828559 0.560999
vt 0.941973 0.268158
vt 0.928585 0.299648
vt 0.921987 0.270432
vt 0.939992 0.265328
vt 0.909526 0.325766
vt 0.905628 0.269731
vt 0.882153 0.347119
vt 0.891256 0.262855
vt 0.845596 0.362530
vt 0.880606 0.244796
vt 0.851822 0.246356
vt 0.827174 0.369017
vt 0.827174 0.014550
vt 0.863612 0.031781
vt 0.838153 0.000000
vt 0.851075 0.005529
vt 0.963623 0.369017
vt 0.969238 0.370349
vt 0.969238 0.415362
vt 0.963382 0.412961
vt 0.643822 0.689352
vt 0.648767 0.730961
vt 1.000000 0.002425
vt 0.992912 0.029145
vt 0.983360 0.027369
vt 0.990174 0.000000
vt 0.998183 0.417875
vt 0.998066 0.426634
vt 0.987436 0.428479
vt 0.986752 0.418898
vt 0.970321 0.810081
vt 0.968445 0.816501
vt 0.961891 0.816055
vt 0.963315 0.810143
vt 0.547936 0.697254
vt 0.554900 0.695821
vt 0.549272 0.741007
vt 0.943188 0.738627
vt 0.943188 0.761808
vt 0.926769 0.765008
vt 0.918218 0.753658
vt 0.989359 0.119489
vt 0.995063 0.128816
vt 0.989337 0.129667
vt 0.983360 0.120856
vt 0.936247 0.711262
vt 0.912862 0.747731
vt 0.912030 0.740365
vt 0.906648 0.745912
vt 0.878835 0.731119
vt 0.886189 0.704592
vt 0.898124 0.756261
vt 0.894440 0.776631
vt 0.883034 0.777253
vt 0.878835 0.753059
vt 0.993426 0.051086
vt 0.986408 0.050430
vt 0.990731 0.141518
vt 0.986626 0.141882
vt 0.808272 0.749524
vt 0.803878 0.749524
vt 0.804179 0.738856
vt 0.807463 0.738789
vt 1.000000 0.075114
vt 0.995960 0.074700
vt 0.986427 0.161667
vt 0.983360 0.161897
vt 0.940471 0.786354
vt 0.930151 0.785573
vt 0.996294 0.118308
vt 0.989799 0.119489
vt 0.983360 0.081987
vt 0.996294 0.075114
vt 0.943188 0.786377
vt 0.960149 0.794524
vt 0.950943 0.824437
vt 0.943188 0.823133
vt 0.970321 0.822768
vt 0.963878 0.821751
vt 0.997153 0.438824
vt 0.986752 0.441679
vt 0.751955 0.809315
vt 0.768541 0.809315
vt 0.768541 0.823270
vt 0.751955 0.823270
vt 0.970990 0.404797
vt 0.987541 0.404379
vt 0.988297 0.415546
vt 0.971746 0.415965
vt 0.971719 0.377675
vt 0.985987 0.377314
vt 0.972262 0.346589
vt 0.986531 0.346228
vt 0.972751 0.307354
vt 0.987020 0.306993
vt 0.973098 0.254991
vt 0.987367 0.254630
vt 0.973320 0.237637
vt 0.987588 0.237276
vt 0.974028 0.203835
vt 0.988297 0.203474
vt 0.973622 0.184186
vt 0.987890 0.183825
vt 0.972793 0.171204
vt 0.987061 0.170843
vt 0.860676 0.802559
vt 0.874975 0.802559
vt 0.874975 0.815217
vt 0.860676 0.815217
vt 0.860676 0.786493
vt 0.874975 0.786493
vt 0.985869 0.810110
vt 0.985869 0.821970
vt 0.981962 0.821941
vt 0.981962 0.810081
vt 0.908881 0.395097
vt 0.894711 0.393505
vt 0.898691 0.369017
vt 0.912862 0.370609
vt 0.904616 0.421321
vt 0.890446 0.419729
vt 0.899701 0.451526
vt 0.885531 0.449933
vt 0.894118 0.485815
vt 0.879948 0.484222
vt 0.838188 0.700485
vt 0.680811 0.004429
vt 0.659909 0.808592
vt 0.669782 0.826770
vt 0.658779 0.826491
vt 0.669858 0.858507
vt 0.656373 0.858165
vt 0.671767 0.878240
vt 0.653019 0.877765
vt 0.671564 0.914699
vt 0.650544 0.914166
vt 0.666337 0.989276
vt 0.650286 0.988869
vt 0.985541 0.464046
vt 0.985541 0.442351
vt 0.998968 0.446528
vt 0.998968 0.459869
vt 0.878835 0.777253
vt 0.912051 0.777253
vt 0.909663 0.814927
vt 0.883592 0.814927
vt 0.827174 0.786493
vt 0.860561 0.823751
vt 0.827289 0.823751
vt 0.751955 0.769088
vt 0.784960 0.769961
vt 0.785383 0.809315
vt 0.751955 0.808430
vt 0.961891 0.620093
vt 0.994969 0.620093
vt 0.994969 0.669271
vt 0.961891 0.669271
vt 0.964757 0.576447
vt 0.992104 0.576447
vt 0.963223 0.539639
vt 0.993637 0.539639
vt 0.983781 0.711620
vt 0.997124 0.715769
vt 0.997124 0.732652
vt 0.983781 0.736844
vt 0.825567 0.582311
vt 0.824240 0.636871
vt 0.806568 0.636871
vt 0.805210 0.582311
vt 0.825927 0.685218
vt 0.804896 0.685218
vt 0.827174 0.712501
vt 0.803653 0.712501
vt 0.777590 0.582311
vt 0.781560 0.564614
vt 0.801034 0.581214
vt 0.985541 0.448822
vt 0.964672 0.442351
vt 0.785383 0.775559
vt 0.806251 0.769088
vt 0.880692 0.201039
vt 0.313747 0.507162
vt 0.306276 0.534823
vt 0.294524 0.542092
vt 0.280594 0.529299
vt 0.307023 0.468274
vt 0.301474 0.420581
vt 0.298610 0.359077
vt 0.296077 0.337945
vt 0.115044 0.752199
vt 0.111836 0.740034
vt 0.977806 0.483493
vt 0.993236 0.476940
vt 0.733905 0.231095
vt 0.686789 0.731926
vt 0.549129 0.742303
vt 0.948238 0.000000
vt 0.964345 0.006921
vt 0.803190 0.582311
vt 0.558072 0.699091
vt 0.964542 0.343068
vt 0.946742 0.367092
vt 0.941973 0.355080
vt 0.950873 0.343068
vt 0.969310 0.355080
vt 0.960410 0.367092
vt 0.912862 0.805226
vt 0.912862 0.792416
vt 0.927927 0.786354
vt 0.927927 0.811973
vt 0.942991 0.793101
vt 0.942992 0.805911
s 0
usemtl mat01
f 84/44/22 49/36/22 60/39/22 86/45/22
f 48/46/23 47/47/23 58/48/23 59/49/23
f 42/50/24 48/46/24 59/49/24 55/51/24
f 47/52/25 41/53/25 54/54/25 58/55/25
f 22/60/28 27/61/28 46/40/28 45/57/28
f 96/62/29 20/63/29 42/64/29 118/65/29
f 82/70/31 28/71/31 49/72/31 84/73/31
f 26/75/35 23/81/35 125/82/35 124/76/35
f 56/58/36 57/43/37 68/83/37 67/84/38
f 86/45/43 60/39/43 71/90/43 88/92/43
f 45/57/45 46/40/45 57/43/45 56/58/46
f 118/65/47 42/64/47 55/95/47 119/96/47
f 77/97/48 122/89/48 123/98/48 76/99/48
f 114/103/52 112/104/52 66/105/52 75/106/52
f 66/105/53 112/104/53 110/107/53 119/108/53
f 113/110/57 114/103/57 75/106/57 65/111/57
f 68/83/61 77/97/61 76/99/61 67/84/62
f 55/51/63 59/49/63 70/113/63
f 71/90/64 79/100/64 89/101/64 88/92/64
f 79/100/65 72/91/65 87/88/65 89/101/65
f 50/41/66 83/93/66 85/85/66 61/42/66
f 61/42/69 85/85/69 87/88/69 72/91/69
f 29/115/70 81/77/70 83/80/70 50/116/70
f 74/112/76 78/102/77 103/120/76 101/121/76
f 51/79/78 25/78/78 90/122/78 91/123/78
f 66/105/81 55/51/81 70/113/81 75/106/81
f 24/117/82 52/118/83 105/132/84 97/133/82
f 63/114/85 74/112/86 101/121/86 104/134/87
f 47/52/88 48/135/88 98/136/88 99/137/88
f 99/137/89 21/138/89 47/52/89
f 41/53/90 47/52/90 21/138/90
f 98/139/91 48/140/91 20/63/91
f 42/50/92 20/141/92 48/46/92
f 198/146/95 201/147/96 104/134/97
f 62/86/100 51/94/100 91/153/100 100/150/100
f 175/109/103 180/156/103 114/103/103 113/110/103
f 41/53/104 116/157/104 117/158/104 54/54/104
f 178/159/105 110/107/105 112/104/105 179/160/105
f 180/156/106 179/160/106 112/104/106 114/103/106
f 177/161/107 108/162/107 110/163/107 178/164/107
f 115/165/108 107/166/108 109/167/108 116/157/108
f 176/168/109 106/169/109 108/162/109 177/161/109
f 116/157/110 109/167/110 111/170/110 117/158/110
f 21/138/123 115/165/123 116/157/123 41/53/123
f 111/189/124 113/110/124 65/111/124 117/190/124
f 65/111/125 69/191/125 54/192/125 117/190/125
f 54/192/126 69/191/126 58/48/126
f 65/111/127 75/106/127 70/113/127 69/191/127
f 58/48/128 69/191/128 70/113/128 59/49/128
f 108/162/129 118/65/129 119/96/129 110/163/129
f 106/169/130 96/62/130 118/65/130 108/162/130
f 119/108/131 55/51/131 66/105/131
f 127/193/132 123/98/133 122/89/133 126/38/134
f 44/194/135 43/195/136 124/76/137 125/82/137
f 120/196/138 121/197/139 127/193/140 126/38/141
f 43/198/142 120/196/143 126/38/144 124/37/145
f 121/197/146 44/199/147 125/200/148 127/193/149
f 62/86/187 100/150/187 102/149/187 73/87/187
f 73/87/188 102/149/188 103/120/188 78/102/189
f 111/189/224 174/59/224 175/109/224 113/110/224
f 107/166/225 172/66/225 173/69/225 109/167/225
f 109/266/226 173/56/226 174/59/226 111/189/226
f 199/281/231 200/282/232 204/283/233 203/284/233
f 200/285/234 52/118/235 201/286/236
f 219/287/237 218/288/237 209/289/237 208/290/237
f 200/291/238 201/292/239 205/293/240 204/294/240
f 198/295/241 199/296/242 203/297/243 202/298/243
f 201/147/244 198/146/245 202/299/246 205/300/246
f 209/301/247 206/302/247 210/303/247 213/304/247
f 221/305/248 220/306/248 207/307/248 206/308/248
f 218/309/249 221/310/249 206/302/249 209/301/249
f 220/311/250 219/312/250 208/313/250 207/314/250
f 211/315/251 212/316/251 216/317/251 215/318/251
f 207/314/252 208/313/252 212/316/252 211/315/252
f 208/290/253 209/289/253 213/319/253 212/320/253
f 206/308/254 207/307/254 211/321/254 210/322/254
f 217/323/255 214/324/255 215/325/255 216/326/255
f 212/320/256 213/319/256 217/327/256 216/328/256
f 210/322/257 211/321/257 215/329/257 214/330/257
f 213/304/258 210/303/258 214/331/258 217/332/258
f 203/284/259 204/283/259 219/312/259 220/311/259
f 205/300/260 202/299/260 221/310/260 218/309/260
f 202/298/261 203/297/261 220/333/261 221/334/261
f 204/294/262 205/293/262 218/335/262 219/336/262
f 305/382/284 307/383/284 281/375/284 270/374/284
f 269/384/285 280/385/285 279/386/285 268/387/285
f 263/388/286 276/389/286 280/385/286 269/384/286
f 268/390/287 279/391/287 275/392/287 262/393/287
f 243/398/290 266/399/290 267/378/290 248/400/290
f 317/401/291 337/402/291 263/403/291 241/404/291
f 303/409/293 305/410/293 270/411/293 249/412/293
f 247/415/297 343/414/297 344/420/297 244/421/297
f 277/396/298 288/422/299 289/423/300 278/424/300
f 307/383/305 309/433/305 292/429/305 281/375/305
f 266/399/307 277/436/308 278/379/307 267/378/307
f 337/437/309 338/438/309 276/389/309 263/388/309
f 298/439/310 297/440/310 342/441/310 341/430/310
f 333/445/314 296/446/314 287/447/314 331/448/314
f 287/447/315 338/438/315 329/449/315 331/448/315
f 332/451/319 286/452/319 296/446/319 333/445/319
f 289/423/323 288/422/324 297/440/323 298/439/323
f 276/389/325 291/454/325 280/385/325
f 292/429/326 309/433/326 310/443/326 300/442/326
f 300/442/327 310/443/327 308/426/327 293/431/327
f 271/381/328 282/380/328 306/434/328 304/417/328
f 282/432/331 293/431/331 308/426/331 306/425/331
f 250/413/332 271/381/332 304/417/332 302/416/332
f 295/453/338 320/459/338 322/460/338 299/444/339
f 272/418/340 312/461/340 311/462/340 246/419/340
f 287/447/343 296/446/343 291/454/343 276/389/343
f 245/456/344 318/471/344 324/472/345 273/457/346
f 284/455/347 323/473/348 320/459/349 295/453/349
f 99/137/350 242/474/350 21/138/350
f 262/393/351 242/474/351 268/390/351
f 263/388/352 269/384/352 241/475/352
f 417/480/355 324/481/356 323/473/357
f 283/435/360 319/487/360 312/461/360 272/418/360
f 394/450/363 332/451/363 333/445/363 399/490/363
f 262/393/364 275/392/364 336/491/364 335/492/364
f 397/493/365 398/494/365 331/448/365 329/449/365
f 399/490/366 333/445/366 331/448/366 398/494/366
f 396/495/367 397/496/367 329/497/367 327/498/367
f 334/499/368 335/492/368 328/500/368 326/501/368
f 395/502/369 396/495/369 327/498/369 325/503/369
f 335/492/370 336/491/370 330/504/370 328/500/370
f 242/474/383 262/393/383 335/492/383 334/499/383
f 330/523/384 336/524/384 286/452/384 332/451/384
f 286/452/385 336/524/385 275/525/385 290/526/385
f 275/525/386 279/386/386 290/526/386
f 286/452/387 290/526/387 291/454/387 296/446/387
f 279/386/388 280/385/388 291/454/388 290/526/388
f 327/498/389 329/497/389 338/527/389 337/402/389
f 325/503/390 327/498/390 337/402/390 317/401/390
f 338/438/391 287/447/391 276/389/391
f 346/528/392 345/376/393 341/430/394 342/441/394
f 265/529/395 344/530/396 343/377/396 264/531/397
f 339/532/398 345/376/399 346/528/400 340/533/401
f 264/531/402 343/377/403 345/376/404 339/532/405
f 340/533/406 346/528/407 344/530/408 265/529/409
f 283/428/447 294/427/447 321/485/447 319/484/447
f 294/427/448 299/444/449 322/460/448 321/485/448
f 330/523/484 332/451/484 394/450/484 393/395/484
f 326/501/485 328/500/485 392/406/485 391/405/485
f 328/500/486 330/504/486 393/598/486 392/406/486
f 418/615/491 422/616/492 423/617/492 419/618/493
f 419/619/494 273/457/495 418/620/496
f 438/621/497 427/622/497 428/623/497 437/624/497
f 419/625/498 423/626/499 424/627/499 420/628/500
f 417/629/501 421/630/502 422/631/502 418/632/503
f 420/633/504 424/634/505 421/635/505 417/480/506
f 428/636/507 432/637/507 429/638/507 425/639/507
f 440/640/508 425/641/508 426/642/508 439/643/508
f 437/644/509 428/636/509 425/639/509 440/645/509
f 439/646/510 426/647/510 427/648/510 438/649/510
f 430/650/511 434/651/511 435/652/511 431/653/511
f 426/647/512 430/650/512 431/653/512 427/648/512
f 427/622/513 431/654/513 432/655/513 428/623/513
f 425/641/514 429/656/514 430/657/514 426/642/514
f 436/658/515 435/659/515 434/660/515 433/661/515
f 431/654/516 435/662/516 436/663/516 432/655/516
f 429/656/517 433/664/517 434/665/517 430/657/517
f 432/637/518 436/666/518 433/667/518 429/638/518
f 422/668/519 439/669/519 438/670/519 423/671/519
f 424/672/520 437/673/520 440/674/520 421/675/520
f 421/630/521 440/676/521 439/677/521 422/631/521
f 423/626/522 438/678/522 437/679/522 424/627/522
f 25/78/523 246/419/523 311/462/523 90/122/523
f 172/66/544 107/166/544 326/501/544 391/405/544
f 107/166/545 115/165/545 334/499/545 326/501/545
f 115/165/546 21/138/546 242/474/546 334/499/546
f 242/474/547 99/137/547 268/390/547
f 98/136/548 269/724/548 268/390/548 99/137/548
f 269/725/549 98/139/549 241/404/549
f 98/139/550 20/63/550 241/404/550
f 20/63/551 96/62/551 317/401/551 241/404/551
f 96/62/552 106/169/552 325/503/552 317/401/552
f 106/169/553 176/168/553 395/502/553 325/503/553
f 23/81/555 26/75/555 247/415/555 244/421/555
f 28/71/557 82/70/557 303/409/557 249/412/557
f 97/133/559 318/471/559 245/456/559 24/117/559
f 201/147/598 63/114/599 104/134/600
f 104/134/601 105/788/602 198/146/603
f 105/788/604 199/789/605 198/146/606
f 200/285/619 199/793/620 52/118/621
f 199/793/622 105/132/623 52/118/624
f 52/119/625 63/114/626 201/147/627
f 323/473/628 284/455/629 420/633/630
f 417/480/631 418/794/632 324/481/633
f 323/473/634 420/633/635 417/480/636
f 419/798/649 420/633/650 273/458/651
f 420/633/652 284/455/653 273/458/654
f 273/457/655 324/472/656 418/620/657
usemtl mat02
f 49/36/19 124/37/19 126/38/20 60/39/19
f 46/40/21 50/41/21 61/42/21 57/43/21
f 173/56/26 45/57/26 56/58/27 174/59/26
f 172/66/30 22/67/30 45/68/30 173/69/30
f 27/61/32 29/74/32 50/41/32 46/40/32
f 28/71/33 26/75/33 124/76/33 49/72/33
f 81/77/34 25/78/34 51/79/34 83/80/34
f 85/85/39 62/86/39 73/87/39 87/88/39
f 60/39/40 126/38/41 122/89/40 71/90/40
f 57/43/42 61/42/42 72/91/42 68/83/42
f 83/93/44 51/94/44 62/86/44 85/85/44
f 77/97/49 68/83/49 72/91/49 79/100/49
f 89/101/50 87/88/50 73/87/50 78/102/51
f 174/59/54 56/58/55 67/84/56 175/109/54
f 88/92/58 89/101/58 78/102/59 74/112/58
f 122/89/60 77/97/60 79/100/60 71/90/60
f 63/114/67 86/45/68 88/92/68 74/112/68
f 24/117/71 82/70/71 84/73/71 52/118/72
f 52/119/73 84/44/74 86/45/74 63/114/75
f 155/124/79 80/125/79 53/126/79 156/127/79
f 157/128/80 151/129/80 145/130/80 154/131/80
f 158/142/93 160/143/93 30/144/93
f 159/145/94 30/144/94 160/143/94
f 163/148/98 102/149/98 100/150/98 170/151/98
f 163/148/99 169/152/99 103/120/99 102/149/99
f 165/154/101 104/134/102 101/121/101 162/155/101
f 167/186/121 91/123/121 90/122/121 168/187/121
f 154/131/122 161/188/122 31/178/122 64/185/122
f 165/242/185 149/243/185 148/244/185 166/245/185
f 170/151/186 167/246/186 147/247/186 145/130/186
f 161/188/190 147/247/190 146/248/190 153/249/190
f 169/152/191 144/250/191 152/251/191 162/155/191
f 164/252/192 166/245/192 148/244/192 150/253/192
f 159/145/193 149/254/193 152/251/193 156/127/193
f 157/128/194 155/124/194 144/250/194 151/129/194
f 145/130/195 147/247/195 161/188/195 154/131/195
f 31/178/196 161/188/196 153/249/196
f 30/144/197 159/145/197 156/127/197 53/126/197
f 64/185/198 80/125/198 155/124/198 157/128/198
f 64/185/199 157/128/199 154/131/199
f 149/243/200 159/255/200 160/256/200 148/244/200
f 150/257/201 148/258/201 160/143/201 158/142/201
f 144/250/202 155/124/202 156/127/202 152/251/202
f 97/133/203 105/132/204 166/245/203 164/252/203
f 103/120/205 169/152/205 162/155/205 101/121/205
f 100/259/206 91/123/206 167/186/206 170/260/206
f 104/261/207 165/242/208 166/245/208 105/132/209
f 147/262/210 167/186/210 168/187/210 146/263/210
f 149/254/211 165/154/211 162/155/211 152/251/211
f 151/129/212 144/250/212 169/152/212 163/148/212
f 151/129/213 163/148/213 170/151/213 145/130/213
f 23/81/216 176/168/216 177/161/216 125/82/216
f 125/82/217 177/161/217 178/164/217 127/265/218
f 76/99/219 123/98/219 179/160/219 180/156/219
f 127/193/220 178/159/221 179/160/221 123/98/221
f 67/84/222 76/99/223 180/156/223 175/109/223
f 270/374/281 281/375/281 345/376/282 343/377/281
f 267/378/283 278/379/283 282/380/283 271/381/283
f 392/394/288 393/395/288 277/396/289 266/397/288
f 391/405/292 392/406/292 266/407/292 243/408/292
f 248/400/294 267/378/294 271/381/294 250/413/294
f 249/412/295 270/411/295 343/414/295 247/415/295
f 302/416/296 304/417/296 272/418/296 246/419/296
f 306/425/301 308/426/301 294/427/301 283/428/301
f 281/375/302 292/429/302 341/430/302 345/376/303
f 278/424/304 289/423/304 293/431/304 282/432/304
f 304/417/306 306/434/306 283/435/306 272/418/306
f 298/439/311 300/442/311 293/431/311 289/423/311
f 310/443/312 299/444/313 294/427/312 308/426/312
f 393/395/316 394/450/316 288/422/317 277/396/318
f 309/433/320 295/453/320 299/444/321 310/443/320
f 341/430/322 292/429/322 300/442/322 298/439/322
f 284/455/329 295/453/330 309/433/330 307/383/330
f 245/456/333 273/457/334 305/410/333 303/409/333
f 273/458/335 284/455/336 307/383/337 305/382/337
f 374/463/341 375/464/341 274/465/341 301/466/341
f 376/467/342 373/468/342 364/469/342 370/470/342
f 377/476/353 251/477/353 379/478/353
f 378/479/354 379/478/354 251/477/354
f 382/482/358 389/483/358 319/484/358 321/485/358
f 382/482/359 321/485/359 322/460/359 388/486/359
f 384/488/361 381/489/361 320/459/361 323/473/362
f 386/520/381 387/521/381 311/462/381 312/461/381
f 373/468/382 285/519/382 252/511/382 380/522/382
f 384/488/445 385/579/445 367/580/445 368/581/445
f 389/582/446 364/583/446 366/584/446 386/520/446
f 380/585/450 372/586/450 365/587/450 366/584/450
f 388/486/451 381/489/451 371/588/451 363/589/451
f 383/590/452 369/591/452 367/580/452 385/579/452
f 378/479/453 375/464/453 371/588/453 368/581/453
f 376/467/454 370/470/454 363/589/454 374/463/454
f 364/469/455 373/468/455 380/522/455 366/592/455
f 252/511/456 372/593/456 380/522/456
f 251/477/457 274/465/457 375/464/457 378/479/457
f 285/519/458 376/467/458 374/463/458 301/466/458
f 285/519/459 373/468/459 376/467/459
f 368/581/460 367/580/460 379/478/460 378/479/460
f 369/591/461 377/476/461 379/478/461 367/580/461
f 363/589/462 371/588/462 375/464/462 374/463/462
f 318/471/463 383/594/463 385/595/463 324/472/464
f 322/460/465 320/459/465 381/489/465 388/486/465
f 319/487/466 389/582/466 386/520/466 312/461/466
f 323/473/467 324/481/468 385/579/469 384/488/469
f 366/584/470 365/587/470 387/521/470 386/520/470
f 368/581/471 371/588/471 381/489/471 384/488/471
f 370/470/472 382/482/472 388/486/472 363/589/472
f 370/470/473 364/469/473 389/483/473 382/482/473
f 244/421/476 344/420/476 396/495/476 395/502/476
f 344/530/477 346/528/478 397/493/477 396/597/477
f 297/440/479 399/490/479 398/494/479 342/441/479
f 346/528/480 342/441/481 398/494/481 397/493/481
f 288/422/482 394/450/483 399/490/483 297/440/483
f 25/78/524 81/77/524 302/416/524 246/419/524
f 22/67/543 172/66/543 391/405/543 243/408/543
f 176/168/554 23/81/554 244/421/554 395/502/554
f 26/75/556 28/71/556 249/412/556 247/415/556
f 82/70/558 24/117/558 245/456/558 303/409/558
f 97/133/560 164/252/560 383/594/560 318/471/560
f 164/252/561 150/253/561 369/726/561 383/594/561
f 150/253/562 158/727/562 377/728/562 369/726/562
f 158/727/563 30/729/563 251/730/563 377/728/563
f 31/772/578 153/773/578 372/586/578 252/774/578
f 153/773/579 146/263/579 365/587/579 372/586/579
f 146/263/580 168/187/580 387/521/580 365/587/580
f 168/187/581 90/122/581 311/462/581 387/521/581
usemtl mat03
f 34/171/111 92/172/111 33/173/111 38/174/111
f 37/175/112 33/173/112 92/172/112 95/176/112
f 95/176/113 32/177/113 31/178/113 37/175/113
f 35/179/114 94/180/114 93/181/114 40/182/114
f 36/183/115 94/180/115 35/179/115 39/184/115
f 39/184/116 30/144/116 32/177/116 36/183/116
f 31/178/117 32/177/117 64/185/117
f 64/185/118 32/177/118 80/125/118
f 30/144/119 53/126/119 32/177/119
f 80/125/120 32/177/120 53/126/120
f 120/201/150 130/202/151 131/203/152
f 129/204/153 131/205/154 135/206/155 133/207/155
f 441/208/156 131/209/157 129/210/158 442/211/159
f 120/212/160 43/213/161 128/214/162 130/215/163
f 129/216/164 128/217/165 43/195/166
f 132/218/167 133/219/167 137/220/167 136/221/167
f 130/222/168 128/223/169 132/218/170 134/224/170
f 131/205/171 130/225/172 134/226/173 135/206/173
f 128/223/174 129/227/175 133/219/176 132/218/176
f 138/228/177 136/221/177 140/229/177 142/230/177
f 137/231/178 139/232/178 143/233/178 141/234/178
f 133/207/179 135/206/179 139/232/179 137/231/179
f 134/224/180 132/218/180 136/221/180 138/228/180
f 135/206/181 134/226/181 138/235/181 139/232/181
f 140/236/182 141/234/182 143/233/182 142/237/182
f 139/232/183 138/235/183 142/237/183 143/233/183
f 136/238/184 137/239/184 141/240/184 140/241/184
f 36/183/214 32/177/214 171/264/214
f 95/176/215 171/264/215 32/177/215
f 186/267/227 187/268/227 188/269/227 185/270/227
f 185/270/227 188/269/227 189/271/227 184/272/227
f 184/272/227 189/271/227 190/273/227 183/274/227
f 183/274/227 190/273/227 191/275/227 181/276/227
f 27/61/228 22/60/228 181/276/228 191/275/228
f 413/277/229 412/278/229 250/279/229
f 413/277/230 250/279/230 414/280/230
f 255/505/371 259/506/371 254/507/371 313/508/371
f 258/509/372 316/510/372 313/508/372 254/507/372
f 316/510/373 258/509/373 252/511/373 253/512/373
f 256/513/374 261/514/374 314/515/374 315/516/374
f 257/517/375 260/518/375 256/513/375 315/516/375
f 260/518/376 257/517/376 253/512/376 251/477/376
f 252/511/377 285/519/377 253/512/377
f 285/519/378 301/466/378 253/512/378
f 251/477/379 253/512/379 274/465/379
f 301/466/380 274/465/380 253/512/380
f 350/534/410 349/535/411 339/536/412
f 348/537/413 352/538/414 354/539/414 350/540/415
f 443/541/416 444/542/417 348/543/418 350/544/419
f 339/545/420 349/546/421 347/547/422 264/548/423
f 264/549/424 348/550/425 444/551/426
f 351/552/427 355/553/427 356/554/427 352/555/427
f 349/556/428 353/557/429 351/558/429 347/559/430
f 350/534/431 354/560/432 353/561/432 349/535/433
f 347/562/434 351/552/435 352/555/435 348/550/436
f 357/563/437 361/564/437 359/565/437 355/566/437
f 356/567/438 360/568/438 362/569/438 358/570/438
f 352/538/439 356/567/439 358/570/439 354/539/439
f 353/557/440 357/563/440 355/566/440 351/558/440
f 354/560/441 358/571/441 357/572/441 353/561/441
f 359/573/442 361/574/442 362/569/442 360/568/442
f 358/571/443 362/575/443 361/576/443 357/572/443
f 355/553/444 359/577/444 360/578/444 356/554/444
f 257/517/474 390/596/474 253/512/474
f 316/510/475 253/512/475 390/596/475
f 405/599/487 404/600/487 407/601/487 406/602/487
f 404/600/487 403/603/487 408/604/487 407/601/487
f 403/603/487 402/605/487 409/606/487 408/604/487
f 402/605/487 400/607/487 410/608/487 409/606/487
f 248/609/488 410/608/488 400/607/488 243/610/488
f 250/279/489 302/611/489 415/612/489 414/280/489
f 302/611/490 401/613/490 416/614/490 415/612/490
f 182/680/525 401/681/525 302/682/525 81/683/525
f 197/684/526 416/685/526 401/686/526 182/687/526
f 197/684/527 196/688/527 415/689/527 416/685/527
f 195/690/528 414/691/528 415/689/528 196/688/528
f 194/692/529 413/693/529 414/691/529 195/690/529
f 193/694/530 412/695/530 413/693/530 194/692/530
f 192/696/531 411/697/531 412/695/531 193/694/531
f 191/698/532 410/699/532 411/697/532 192/696/532
f 190/700/533 409/701/533 410/699/533 191/698/533
f 189/702/534 408/703/534 409/701/534 190/700/534
f 188/704/535 407/705/535 408/706/535 189/707/535
f 187/708/536 406/709/536 407/705/536 188/704/536
f 186/710/537 405/711/537 406/712/537 187/713/537
f 185/714/538 404/715/538 405/716/538 186/717/538
f 184/718/539 403/719/539 404/715/539 185/714/539
f 183/720/540 402/721/540 403/719/540 184/718/540
f 181/722/541 400/723/541 402/721/541 183/720/541
f 22/67/542 243/408/542 400/723/542 181/722/542
f 30/729/564 39/731/564 260/732/564 251/730/564
f 39/731/565 35/733/565 256/734/565 260/732/565
f 40/735/566 261/736/566 256/734/566 35/733/566
f 93/737/567 314/738/567 261/739/567 40/740/567
f 94/741/568 315/742/568 314/743/568 93/744/568
f 36/745/569 257/708/569 315/746/569 94/747/569
f 171/748/570 390/749/570 257/750/570 36/751/570
f 95/752/571 316/753/571 390/754/571 171/755/571
f 95/752/572 92/756/572 313/757/572 316/753/572
f 92/756/573 34/758/573 255/759/573 313/757/573
f 34/760/574 38/761/574 259/762/574 255/763/574
f 38/764/575 33/765/575 254/766/575 259/767/575
f 33/765/576 37/768/576 258/769/576 254/766/576
f 37/768/577 31/770/577 252/771/577 258/769/577
f 121/775/582 441/208/583 442/211/584 44/776/585
f 340/777/586 265/778/587 444/542/588 443/541/589
f 248/609/590 250/279/590 412/278/590 411/779/590
f 410/608/591 248/609/591 411/779/591
f 196/780/592 197/781/592 182/782/592 81/783/592
f 81/783/593 29/74/593 195/784/593 196/780/593
f 29/74/594 194/785/594 195/784/594
f 194/785/595 29/74/595 193/786/595
f 29/74/596 27/61/596 192/787/596 193/786/596
f 27/61/597 191/275/597 192/787/597
f 441/790/607 121/791/608 131/203/609
f 121/791/610 120/201/611 131/203/612
f 43/195/613 44/194/614 442/792/615
f 442/792/616 129/216/617 43/195/618
f 339/536/637 340/795/638 350/534/639
f 340/795/640 443/796/641 350/534/642
f 444/551/643 265/797/644 264/549/645
f 264/549/646 347/562/647 348/550/648
usemtl eyes01
f 1/1/1 13/2/1 4/3/1
f 2/4/2 1/1/2 4/3/2 5/5/2
f 3/6/3 2/7/3 5/8/3 6/9/3
f 5/5/4 4/3/4 7/10/4 8/11/4
f 6/12/5 5/5/5 8/11/5 9/13/5
f 4/3/6 13/2/6 7/10/6
f 8/11/7 7/10/7 10/14/7 11/15/7
f 9/16/8 8/17/8 11/18/8 12/19/8
f 7/10/9 13/2/9 10/14/9
f 11/15/10 10/14/10 14/20/10 15/21/10
f 12/22/11 11/23/11 15/24/11 16/25/11
f 10/14/12 13/2/12 14/20/12
f 16/26/13 15/27/13 18/28/13 19/29/13
f 14/20/14 13/2/14 17/30/14
f 15/27/15 14/31/15 17/32/15 18/28/15
f 19/29/16 18/28/16 2/33/16 3/34/16
f 17/30/17 13/2/17 1/1/17
f 18/28/18 17/32/18 1/35/18 2/33/18
f 222/337/263 225/338/263 234/339/263
f 223/340/264 226/341/264 225/338/264 222/337/264
f 224/342/265 227/343/265 226/344/265 223/345/265
f 226/341/266 229/346/266 228/347/266 225/338/266
f 227/348/267 230/349/267 229/346/267 226/341/267
f 225/338/268 228/347/268 234/339/268
f 229/346/269 232/350/269 231/351/269 228/347/269
f 230/352/270 233/353/270 232/354/270 229/355/270
f 228/347/271 231/351/271 234/339/271
f 232/356/272 236/357/272 235/358/272 231/359/272
f 233/360/273 237/361/273 236/357/273 232/356/273
f 231/351/274 235/362/274 234/339/274
f 237/363/275 240/364/275 239/365/275 236/366/275
f 235/362/276 238/367/276 234/339/276
f 236/366/277 239/365/277 238/368/277 235/369/277
f 240/364/278 224/370/278 223/371/278 239/365/278
f 238/368/279 222/372/279 234/373/279
f 239/365/280 223/371/280 222/372/280 238/368/280
f 233/799/658 224/800/658 240/801/658 237/802/658
f 224/800/658 233/799/658 230/803/658 227/804/658
f 12/805/659 16/806/659 19/807/659 9/808/659
f 3/809/659 6/810/659 9/808/659 19/807/659
o fish02
v 0.142072 1.952205 -0.806412
v 0.132964 1.942960 -0.817714
v 0.119252 1.933315 -0.816135
v 0.153538 1.938865 -0.793513
v 0.152824 1.919855 -0.795372
v 0.142185 1.906636 -0.790336
v 0.158490 1.946220 -0.773360
v 0.161402 1.932593 -0.760466
v 0.152089 1.921345 -0.750030
v 0.151976 1.966914 -0.766106
v 0.150119 1.968436 -0.747903
v 0.139061 1.962733 -0.735523
v 0.150343 1.961616 -0.788129
v 0.140510 1.980254 -0.779005
v 0.130259 1.991542 -0.770245
v 0.116129 1.989413 -0.761321
v 0.135558 1.972899 -0.799158
v 0.121682 1.978803 -0.805151
v 0.106224 1.974704 -0.801627
v 0.018890 1.680504 -0.998260
v 0.018890 1.901731 -0.981282
v 0.021158 2.284742 -0.509066
v 0.026705 1.438886 -0.551433
v 0.019655 1.458516 0.377756
v 0.019655 2.212617 0.368342
v 0.019059 1.361018 -0.330160
v 0.019059 2.358454 -0.306005
v 0.024425 1.337073 -0.096024
v 0.024425 2.371343 -0.092345
v 0.016154 1.675880 0.885558
v 0.028161 1.921380 0.873394
v 0.039980 1.798621 1.066638
v 0.021158 2.089692 1.086438
v 0.036414 2.134820 1.307180
v 0.025179 1.509885 1.079424
v 0.040111 1.589531 1.305397
v 0.025180 2.010630 0.978789
v 0.024373 2.151176 1.280029
v 0.022458 1.585296 0.975597
v 0.019227 1.460905 1.287369
v 0.052651 1.899119 -0.963904
v 0.052651 1.677467 -0.964359
v 0.058981 2.271997 -0.474190
v 0.057821 2.329165 -0.295063
v 0.048598 1.814182 -1.020521
v 0.048598 1.763675 -1.020521
v 0.060932 1.369954 -0.096854
v 0.060932 2.346969 -0.091206
v 0.054790 2.187075 0.364640
v 0.054790 1.480338 0.374053
v 0.028370 1.752394 0.876100
v 0.090970 1.882140 -0.921387
v 0.090970 1.680339 -0.911513
v 0.124172 2.161302 -0.476510
v 0.135663 2.209973 -0.278154
v 0.090970 1.821066 -0.950583
v 0.090970 1.758890 -0.950583
v 0.134246 1.465222 -0.094676
v 0.134246 2.204101 -0.086543
v 0.125350 2.096758 0.355579
v 0.125350 1.547197 0.366688
v 0.030211 1.879359 0.873173
v 0.144542 1.879983 -0.839175
v 0.136695 1.689246 -0.798797
v 0.181114 1.989428 -0.462544
v 0.194019 2.032531 -0.275833
v 0.121862 1.841152 -0.897396
v 0.129495 1.776059 -0.884644
v 0.189207 1.607857 -0.088813
v 0.189207 2.042022 -0.088813
v 0.168484 1.976532 0.358627
v 0.168077 1.664054 0.358211
v 0.160687 1.789683 -0.836022
v 0.210992 1.818514 -0.479528
v 0.224832 1.816305 -0.280959
v 0.187678 1.798075 0.357796
v 0.218046 1.801993 -0.088813
v 0.030348 1.812533 0.873488
v 0.021947 2.329849 0.155276
v 0.017830 1.366649 0.155276
v 0.051284 2.307398 0.159710
v 0.051284 1.397389 0.154063
v 0.127102 2.181225 0.147011
v 0.127102 1.497987 0.151712
v 0.183940 2.020308 0.143437
v 0.183940 1.626515 0.143210
v 0.209526 1.803415 0.136417
v 0.021158 2.009783 0.548543
v 0.054880 1.992928 0.545123
v 0.032742 2.092061 1.322963
v 0.031267 1.484405 1.322317
v 0.039836 1.525681 1.329519
v 0.039603 2.036291 1.312352
v 0.018890 1.623947 -0.909645
v 0.021158 1.622704 0.548774
v 0.000000 1.763675 -1.042619
v 0.000000 1.814182 -1.042440
v 0.103144 1.945976 0.543049
v 0.122108 1.730802 0.539659
v 0.124171 1.893945 0.539866
v 0.143541 1.805472 0.539451
v 0.088009 1.672037 0.543171
v 0.040070 1.634550 0.546923
v 0.018890 1.560376 -0.784748
v 0.018890 2.088992 -0.783280
v 0.052651 1.569705 -0.771954
v 0.052651 2.072993 -0.780868
v 0.114339 1.615687 -0.747375
v 0.114852 2.041732 -0.715465
v 0.158368 1.662434 -0.727429
v 0.181409 1.945486 -0.683967
v 0.198078 1.803439 -0.700835
v 0.018890 1.991877 -0.907681
v 0.052651 1.985633 -0.892707
v 0.102655 1.964472 -0.858640
v 0.052651 1.628010 -0.873586
v 0.102655 1.648725 -0.821740
v 0.194019 1.625076 -0.290373
v 0.181114 1.656353 -0.499157
v 0.057821 1.387048 -0.326402
v 0.064528 1.460111 -0.542291
v 0.139663 1.491935 -0.300649
v 0.134937 1.552060 -0.521998
v 0.015178 1.911860 0.812701
v 0.041039 1.876733 0.809844
v 0.053513 1.807211 0.808202
v 0.046309 1.762762 0.809612
v 0.051038 1.844216 0.809140
v 0.012374 1.695178 0.821470
v 0.032055 1.718891 0.816097
v 0.019442 1.700676 0.820764
v 0.025555 1.905963 0.810991
v 0.062646 1.764526 0.743001
v 0.063921 1.856114 0.742425
v 0.012639 1.704591 0.758003
v 0.044471 1.728503 0.747999
v 0.021644 1.706501 0.756615
v 0.030602 1.908233 0.746422
v 0.014545 1.916402 0.748988
v 0.053909 1.881334 0.744812
v 0.073166 1.806645 0.742192
v 0.096071 1.752785 0.644457
v 0.097842 1.869363 0.644273
v 0.017869 1.675854 0.653574
v 0.068775 1.709526 0.648712
v 0.032270 1.678545 0.651954
v 0.044855 1.938653 0.648900
v 0.019176 1.950156 0.651893
v 0.081830 1.904876 0.647058
v 0.108967 1.806226 0.643949
v 0.020024 2.184673 -0.668157
v 0.055816 2.170394 -0.649613
v 0.118755 2.100285 -0.599873
v 0.167229 1.968729 -0.568879
v 0.020024 1.512876 -0.688168
v 0.055816 1.528420 -0.672333
v 0.124638 1.580143 -0.645623
v 0.167229 1.659751 -0.625361
v 0.195225 1.818734 -0.599482
v 0.172037 1.731085 -0.712210
v 0.186944 1.966249 -0.577858
v 0.209936 1.968547 -0.565741
v 0.212042 1.818379 -0.604900
v 0.229433 1.816473 -0.599500
v 0.183009 1.731763 -0.713768
v 0.196309 1.727929 -0.709498
v 0.131236 2.097973 -0.609157
v 0.150346 2.105933 -0.597329
v 0.021382 2.188741 -0.675360
v 0.062173 2.170832 -0.656348
v 0.021840 2.200301 -0.674242
v 0.072579 2.178979 -0.654332
v 0.040046 1.644007 1.270772
v 0.039792 1.961326 1.271516
v 0.040013 1.725129 1.209716
v 0.039996 1.794805 1.180729
v 0.039886 1.876149 1.205204
v 0.022766 2.152872 1.227739
v 0.022203 1.459224 1.227141
v 0.256925 1.789932 -0.454316
v 0.238938 1.695974 -0.460468
v 0.190911 1.709528 -0.492720
v 0.205175 1.786944 -0.483349
v 0.251285 1.658695 -0.375772
v 0.280654 1.830667 -0.325980
v 0.233574 1.807190 -0.422090
v 0.213064 1.674141 -0.432450
v 0.254752 1.846273 -0.301289
v 0.210974 1.637477 -0.366435
v 0.256135 1.645408 -0.304679
v 0.293068 1.840724 -0.223103
v 0.265669 1.851167 -0.208019
v 0.214645 1.623407 -0.291958
v 0.253661 1.650406 -0.270846
v 0.287853 1.815570 -0.198799
v 0.259665 1.818772 -0.176042
v 0.217746 1.636912 -0.248586
v 0.209791 1.793767 -0.441750
v 0.190316 1.685657 -0.452303
v 0.017152 2.249243 0.390859
v 0.019059 2.389427 -0.303112
v 0.019961 2.456125 -0.086653
v 0.021947 2.376683 0.163097
v 0.021158 2.014314 0.563598
v 0.021742 2.442733 -0.275672
v 0.023988 2.392486 0.124054
v 0.018122 2.275173 0.358050
v 0.016358 2.041589 0.583078
v 0.023084 2.503554 -0.228649
v 0.023754 2.531681 -0.171542
v 0.024090 2.535803 -0.149031
v 0.024258 2.521107 -0.154414
v 0.024341 2.500001 -0.150607
v 0.019927 2.478928 -0.131354
v 0.016358 2.026089 0.576574
v 0.022953 2.362200 0.186029
v 0.016358 2.083645 0.572481
v 0.016358 2.121746 0.524979
v 0.016358 2.061958 0.582945
v 0.016358 2.101564 0.550760
v 0.016144 1.448465 0.403480
v 0.019133 1.327846 0.211265
v 0.020146 1.289720 0.305860
v 0.015757 1.465674 0.457030
v 0.015757 1.463626 0.508795
v 0.015757 1.444119 0.538456
v 0.015757 1.405586 0.545025
v 0.015757 1.367400 0.528702
v 0.016224 1.320329 0.504858
v 0.016224 1.287038 0.474593
v 0.020652 1.277883 0.419360
v 0.020971 1.380485 -0.391227
v 0.024794 1.419419 -0.498031
v 0.018772 1.362180 -0.388965
v 0.022194 1.392698 -0.496267
v 0.018772 1.349067 -0.387334
v 0.018772 1.329856 -0.380608
v 0.022194 1.335468 -0.486970
v 0.024794 1.275392 -0.462518
v 0.024794 1.219794 -0.428003
v 0.024794 1.201638 -0.397383
v 0.024794 1.207330 -0.379518
v 0.018689 1.314251 -0.371765
v 0.024794 1.221706 -0.367915
v 0.018689 1.304062 -0.369195
v -0.142072 1.952205 -0.806412
v -0.132964 1.942960 -0.817714
v -0.119252 1.933315 -0.816135
v -0.153538 1.938865 -0.793513
v -0.152824 1.919855 -0.795372
v -0.142185 1.906636 -0.790336
v -0.158490 1.946220 -0.773360
v -0.161402 1.932593 -0.760466
v -0.152089 1.921345 -0.750030
v -0.151976 1.966914 -0.766106
v -0.150119 1.968436 -0.747903
v -0.139061 1.962733 -0.735523
v -0.150343 1.961616 -0.788129
v -0.140510 1.980254 -0.779005
v -0.130259 1.991542 -0.770245
v -0.116129 1.989413 -0.761321
v -0.135558 1.972899 -0.799158
v -0.121682 1.978803 -0.805151
v -0.106224 1.974704 -0.801627
v -0.018890 1.680504 -0.998260
v -0.018890 1.901731 -0.981282
v -0.021158 2.284742 -0.509066
v -0.026705 1.438886 -0.551433
v -0.019655 1.458516 0.377756
v -0.019655 2.212617 0.368342
v -0.019059 1.361018 -0.330160
v -0.019059 2.358454 -0.306005
v -0.024425 1.337073 -0.096024
v -0.024425 2.371343 -0.092345
v -0.016154 1.675880 0.885558
v -0.028161 1.921380 0.873394
v -0.039980 1.798621 1.066638
v -0.021158 2.089692 1.086438
v -0.036414 2.134820 1.307180
v -0.025179 1.509885 1.079424
v -0.040111 1.589531 1.305397
v -0.025180 2.010630 0.978789
v -0.024373 2.151176 1.280029
v -0.022458 1.585296 0.975597
v -0.019227 1.460905 1.287369
v -0.052651 1.899119 -0.963904
v -0.052651 1.677467 -0.964359
v -0.058981 2.271997 -0.474190
v -0.057821 2.329165 -0.295063
v -0.048598 1.814182 -1.020521
v -0.048598 1.763675 -1.020521
v -0.060932 1.369954 -0.096854
v -0.060932 2.346969 -0.091206
v -0.054790 2.187075 0.364640
v -0.054790 1.480338 0.374053
v -0.028370 1.752394 0.876100
v -0.090970 1.882140 -0.921387
v -0.090970 1.680339 -0.911513
v -0.124172 2.161302 -0.476510
v -0.135663 2.209973 -0.278154
v -0.090970 1.821066 -0.950583
v -0.090970 1.758890 -0.950583
v -0.134246 1.465222 -0.094676
v -0.134246 2.204101 -0.086543
v -0.125350 2.096758 0.355579
v -0.125350 1.547197 0.366688
v -0.030211 1.879359 0.873173
v -0.144542 1.879983 -0.839175
v -0.136695 1.689246 -0.798797
v -0.181114 1.989428 -0.462544
v -0.194019 2.032531 -0.275833
v -0.121862 1.841152 -0.897396
v -0.129495 1.776059 -0.884644
v -0.189207 1.607857 -0.088813
v -0.189207 2.042022 -0.088813
v -0.168484 1.976532 0.358627
v -0.168077 1.664054 0.358211
v -0.160687 1.789683 -0.836022
v -0.210992 1.818514 -0.479528
v -0.224832 1.816305 -0.280959
v -0.187678 1.798075 0.357796
v -0.218046 1.801993 -0.088813
v -0.030348 1.812533 0.873488
v -0.021947 2.329849 0.155276
v -0.017830 1.366649 0.155276
v -0.051284 2.307398 0.159710
v -0.051284 1.397389 0.154063
v -0.127102 2.181225 0.147011
v -0.127102 1.497987 0.151712
v -0.183940 2.020308 0.143437
v -0.183940 1.626515 0.143210
v -0.209526 1.803415 0.136417
v -0.021158 2.009783 0.548543
v -0.054880 1.992928 0.545123
v -0.032742 2.092061 1.322963
v -0.031267 1.484405 1.322317
v -0.039836 1.525681 1.329519
v -0.039603 2.036291 1.312352
v -0.018890 1.623947 -0.909645
v -0.021158 1.622704 0.548774
v -0.103144 1.945976 0.543049
v -0.122108 1.730802 0.539659
v -0.124171 1.893945 0.539866
v -0.143541 1.805472 0.539451
v -0.088009 1.672037 0.543171
v -0.040070 1.634550 0.546923
v -0.018890 1.560376 -0.784748
v -0.018890 2.088992 -0.783280
v -0.052651 1.569705 -0.771954
v -0.052651 2.072993 -0.780868
v -0.114339 1.615687 -0.747375
v -0.114852 2.041732 -0.715465
v -0.158368 1.662434 -0.727429
v -0.181409 1.945486 -0.683967
v -0.198078 1.803439 -0.700835
v -0.018890 1.991877 -0.907681
v -0.052651 1.985633 -0.892707
v -0.102655 1.964472 -0.858640
v -0.052651 1.628010 -0.873586
v -0.102655 1.648725 -0.821740
v -0.194019 1.625076 -0.290373
v -0.181114 1.656353 -0.499157
v -0.057821 1.387048 -0.326402
v -0.064528 1.460111 -0.542291
v -0.139663 1.491935 -0.300649
v -0.134937 1.552060 -0.521998
v -0.015178 1.911860 0.812701
v -0.041039 1.876733 0.809844
v -0.053513 1.807211 0.808202
v -0.046309 1.762762 0.809612
v -0.051038 1.844216 0.809140
v -0.012374 1.695178 0.821470
v -0.032055 1.718891 0.816097
v -0.019442 1.700676 0.820764
v -0.025555 1.905963 0.810991
v -0.062646 1.764526 0.743001
v -0.063921 1.856114 0.742425
v -0.012639 1.704591 0.758003
v -0.044471 1.728503 0.747999
v -0.021644 1.706501 0.756615
v -0.030602 1.908233 0.746422
v -0.014545 1.916402 0.748988
v -0.053909 1.881334 0.744812
v -0.073166 1.806645 0.742192
v -0.096071 1.752785 0.644457
v -0.097842 1.869363 0.644273
v -0.017869 1.675854 0.653574
v -0.068775 1.709526 0.648712
v -0.032270 1.678545 0.651954
v -0.044855 1.938653 0.648900
v -0.019176 1.950156 0.651893
v -0.081830 1.904876 0.647058
v -0.108967 1.806226 0.643949
v -0.020024 2.184673 -0.668157
v -0.055816 2.170394 -0.649613
v -0.118755 2.100285 -0.599873
v -0.167229 1.968729 -0.568879
v -0.020024 1.512876 -0.688168
v -0.055816 1.528420 -0.672333
v -0.124638 1.580143 -0.645623
v -0.167229 1.659751 -0.625361
v -0.195225 1.818734 -0.599482
v -0.172037 1.731085 -0.712210
v -0.186944 1.966249 -0.577858
v -0.209936 1.968547 -0.565741
v -0.212042 1.818379 -0.604900
v -0.229433 1.816473 -0.599500
v -0.183009 1.731763 -0.713768
v -0.196309 1.727929 -0.709498
v -0.131236 2.097973 -0.609157
v -0.150346 2.105933 -0.597329
v -0.021382 2.188741 -0.675360
v -0.062173 2.170832 -0.656348
v -0.021840 2.200301 -0.674242
v -0.072579 2.178979 -0.654332
v -0.040046 1.644007 1.270772
v -0.039792 1.961326 1.271516
v -0.040013 1.725129 1.209716
v -0.039996 1.794805 1.180729
v -0.039886 1.876149 1.205204
v -0.022766 2.152872 1.227739
v -0.022203 1.459224 1.227141
v -0.256925 1.789932 -0.454316
v -0.238938 1.695974 -0.460468
v -0.190911 1.709528 -0.492720
v -0.205175 1.786944 -0.483349
v -0.251285 1.658695 -0.375772
v -0.280654 1.830667 -0.325980
v -0.233574 1.807190 -0.422090
v -0.213064 1.674141 -0.432450
v -0.254752 1.846273 -0.301289
v -0.210974 1.637477 -0.366435
v -0.256135 1.645408 -0.304679
v -0.293068 1.840724 -0.223103
v -0.265669 1.851167 -0.208019
v -0.214645 1.623407 -0.291958
v -0.253661 1.650406 -0.270846
v -0.287853 1.815570 -0.198799
v -0.259665 1.818772 -0.176042
v -0.217746 1.636912 -0.248586
v -0.209791 1.793767 -0.441750
v -0.190316 1.685657 -0.452303
v -0.017152 2.249243 0.390859
v -0.019059 2.389427 -0.303112
v -0.019961 2.456125 -0.086653
v -0.021947 2.376683 0.163097
v -0.021158 2.014314 0.563598
v -0.021742 2.442733 -0.275672
v -0.023988 2.392486 0.124054
v -0.018122 2.275173 0.358050
v -0.016358 2.041589 0.583078
v -0.023084 2.503554 -0.228649
v -0.023754 2.531681 -0.171542
v -0.024090 2.535803 -0.149031
v -0.024258 2.521107 -0.154414
v -0.024341 2.500001 -0.150607
v -0.019927 2.478928 -0.131354
v -0.016358 2.026089 0.576574
v -0.022953 2.362200 0.186029
v -0.016358 2.083645 0.572481
v -0.016358 2.121746 0.524979
v -0.016358 2.061958 0.582945
v -0.016358 2.101564 0.550760
v -0.016144 1.448465 0.403480
v -0.019133 1.327846 0.211265
v -0.020146 1.289720 0.305860
v -0.015757 1.465674 0.457030
v -0.015757 1.463626 0.508795
v -0.015757 1.444119 0.538456
v -0.015757 1.405586 0.545025
v -0.015757 1.367400 0.528702
v -0.016224 1.320329 0.504858
v -0.016224 1.287038 0.474593
v -0.020652 1.277883 0.419360
v -0.020971 1.380485 -0.391227
v -0.024794 1.419419 -0.498031
v -0.018772 1.362180 -0.388965
v -0.022194 1.392698 -0.496267
v -0.018772 1.349067 -0.387334
v -0.018772 1.329856 -0.380608
v -0.022194 1.335468 -0.486970
v -0.024794 1.275392 -0.462518
v -0.024794 1.219794 -0.428003
v -0.024794 1.201638 -0.397383
v -0.024794 1.207330 -0.379518
v -0.018689 1.314251 -0.371765
v -0.024794 1.221706 -0.367915
v -0.018689 1.304062 -0.369195
vn 0.8344 0.2352 -0.4985
vn 0.7643 0.0343 -0.6439
vn 0.2814 -0.5310 -0.7993
vn 0.9722 -0.0136 -0.2339
vn 0.7847 -0.6190 0.0331
vn 0.9313 0.2024 -0.3027
vn 0.9584 0.2755 0.0747
vn 0.7455 0.0011 0.6665
vn 0.9264 0.3448 -0.1517
vn 0.7481 0.6632 0.0208
vn 0.2495 0.7754 0.5801
vn 0.8275 0.5289 -0.1886
vn -0.3025 0.9169 -0.2603
vn 0.7242 0.5712 -0.3864
vn 0.5001 0.7667 -0.4027
vn -0.2757 0.2395 -0.9309
vn 0.7263 0.4195 -0.5445
vn 0.5049 0.4227 -0.7526
vn 0.7929 -0.6067 -0.0568
vn 0.7942 -0.6054 -0.0535
vn 0.8667 0.4984 -0.0188
vn 0.7917 -0.6027 0.0997
vn 0.8553 -0.0000 -0.5182
vn 0.7987 -0.2863 -0.5293
vn 0.7886 0.2951 -0.5394
vn 0.8143 0.4996 -0.2953
vn 0.5794 0.7726 -0.2596
vn 0.4753 -0.7574 -0.4476
vn 0.5692 0.7009 -0.4299
vn 0.6707 -0.7342 0.1050
vn 0.5866 0.8067 -0.0712
vn 0.6163 -0.7834 -0.0806
vn 0.6177 -0.7827 -0.0769
vn 0.6138 -0.7856 -0.0786
vn 0.5403 0.7322 0.4146
vn 0.5899 -0.7679 -0.2497
vn 0.5887 -0.7649 -0.2615
vn 0.6064 -0.7549 -0.2498
vn 0.9431 0.3051 -0.1325
vn 0.9332 0.3316 0.1382
vn 0.9298 -0.3676 -0.0163
vn 0.9297 -0.3680 -0.0150
vn 0.9485 0.3166 0.0126
vn 0.9228 -0.3798 0.0648
vn 0.8126 0.5237 0.2559
vn 0.8419 0.5132 -0.1669
vn 0.6115 -0.7063 -0.3567
vn 0.9911 0.1294 0.0323
vn 0.9911 0.1292 0.0320
vn 0.9910 0.1303 0.0293
vn 0.9892 0.1101 0.0969
vn 0.1567 -0.7939 0.5874
vn 0.9555 0.1368 0.2612
vn 0.7739 -0.5036 -0.3840
vn 0.8732 0.3250 0.3632
vn 0.9365 0.2980 -0.1847
vn 0.9472 0.1505 -0.2833
vn 0.9854 -0.1410 0.0956
vn 0.9881 -0.1528 0.0170
vn 0.9880 -0.1534 0.0168
vn 0.9877 -0.1558 0.0160
vn 0.0790 -0.8204 -0.5664
vn 0.8659 -0.2228 -0.4479
vn 0.9889 -0.1444 0.0362
vn 0.9886 -0.1452 0.0387
vn 0.9921 0.1203 0.0360
vn 0.9924 0.1177 0.0351
vn 0.8721 0.4806 0.0922
vn 0.9235 -0.3670 0.1119
vn 0.9438 0.3257 0.0563
vn 0.5651 0.8120 0.1458
vn 0.5953 -0.7497 0.2890
vn 0.7445 -0.6396 0.1913
vn 0.5762 -0.5946 0.5608
vn 0.9529 -0.0723 0.2945
vn 0.8768 -0.2993 -0.3762
vn 0.4626 -0.6416 0.6118
vn 0.4125 0.0016 -0.9109
vn 0.3605 0.4806 -0.7994
vn 0.4293 0.4867 -0.7608
vn 0.3854 -0.3646 -0.8477
vn 0.6303 -0.4028 -0.6637
vn 0.5749 -0.7735 -0.2668
vn 0.7847 -0.5912 -0.1864
vn 0.9443 -0.1849 0.2721
vn 0.8823 0.3520 0.3126
vn 0.9371 0.1871 0.2946
vn 0.6600 0.5279 0.5346
vn 0.8549 -0.3477 0.3851
vn 0.4409 0.6046 0.6634
vn 0.8246 -0.4725 0.3111
vn 0.6913 0.4191 -0.5886
vn 0.8372 -0.5179 -0.1758
vn -0.4803 0.1355 0.8666
vn 0.6448 -0.6988 -0.3097
vn 0.3858 0.7272 -0.5678
vn 0.4456 -0.8119 -0.3772
vn 0.6650 0.6126 -0.4273
vn 0.9902 0.1329 -0.0418
vn 0.9931 0.1166 -0.0098
vn 0.9926 0.1114 -0.0491
vn 0.9908 0.1250 -0.0513
vn 0.9911 0.1231 -0.0504
vn 0.9923 0.1082 -0.0608
vn 0.9393 -0.3391 0.0519
vn 0.9455 -0.3247 0.0241
vn 0.9406 -0.3338 0.0621
vn 0.9983 -0.0062 -0.0582
vn 1.0000 0.0002 -0.0001
vn 1.0000 0.0001 0.0012
vn 0.9984 0.0478 -0.0291
vn 0.9983 0.0494 -0.0313
vn 0.9984 0.0489 -0.0300
vn 0.9988 0.0018 -0.0497
vn 0.9987 0.0020 -0.0510
vn 0.9869 -0.1602 -0.0213
vn 0.9867 -0.1609 -0.0224
vn 0.9980 -0.0351 -0.0523
vn 0.9979 -0.0353 -0.0535
vn 0.4231 0.7834 0.4553
vn 0.9707 0.2383 0.0293
vn 0.9711 0.2369 0.0287
vn 0.4132 0.5773 -0.7043
vn 0.8463 0.4129 -0.3367
vn 0.8057 0.2881 -0.5175
vn 0.7864 0.2664 -0.5574
vn 0.8725 0.0842 -0.4813
vn 0.8638 0.0013 -0.5038
vn 0.6525 -0.6540 -0.3828
vn 0.4596 -0.7821 -0.4208
vn 0.8073 -0.5158 -0.2867
vn 0.9836 0.1591 -0.0852
vn 0.9832 0.1617 -0.0845
vn 0.8025 -0.5719 -0.1704
vn 0.7983 -0.5772 -0.1722
vn 0.8001 -0.5741 -0.1736
vn 0.8175 0.5580 0.1426
vn 0.4514 0.8615 -0.2326
vn 0.4515 0.8617 -0.2317
vn 0.9675 -0.1908 0.1659
vn 0.9424 0.0547 0.3299
vn 0.9609 0.0970 0.2593
vn 0.7512 -0.6600 0.0060
vn 0.4056 -0.9085 -0.1006
vn 0.9484 -0.1876 0.2557
vn 0.9159 -0.2198 0.3358
vn 0.2191 -0.9374 0.2708
vn 0.6705 -0.6896 0.2735
vn 0.6794 0.6563 0.3281
vn 0.4768 0.8768 0.0630
vn 0.9217 -0.3501 0.1672
vn 0.9608 0.1269 0.2464
vn 0.9254 0.3090 0.2196
vn 0.6404 0.6568 0.3981
vn 0.6066 -0.7121 0.3534
vn 0.4011 -0.8230 0.4022
vn 0.9236 -0.2458 0.2942
vn 0.4385 0.8400 0.3195
vn 0.8390 -0.4445 0.3138
vn 0.9259 0.1658 0.3395
vn 0.8743 0.3456 0.3409
vn 0.5191 -0.7372 -0.4325
vn 0.5158 -0.7432 -0.4262
vn 0.5098 -0.7462 -0.4281
vn 0.7333 -0.6123 -0.2954
vn 0.7330 -0.6158 -0.2889
vn -0.6477 0.0414 0.7608
vn 0.9042 -0.4040 -0.1384
vn 0.9029 -0.4061 -0.1411
vn 0.9698 0.1964 -0.1448
vn 0.9694 0.1967 -0.1471
vn 0.4470 0.6355 -0.6296
vn 0.7540 0.4467 -0.4815
vn 0.9379 -0.1141 -0.3277
vn 0.9838 -0.1614 -0.0780
vn 0.9841 -0.1597 -0.0784
vn 0.9840 -0.1607 -0.0775
vn 0.9804 -0.1753 -0.0897
vn 0.9804 -0.1752 -0.0906
vn -0.3846 -0.2380 0.8919
vn 0.3564 -0.1159 0.9271
vn 0.3567 -0.1152 0.9271
vn 0.4984 0.3814 0.7785
vn 0.4703 0.7498 0.4654
vn -0.3320 -0.6882 0.6451
vn 0.9443 0.1651 -0.2847
vn 0.9548 0.0117 -0.2969
vn 0.1124 -0.9119 0.3947
vn -0.3915 -0.7198 0.5732
vn 0.9165 -0.1912 -0.3514
vn 0.1854 0.9004 0.3937
vn -0.3701 0.0566 0.9273
vn -0.4929 -0.0079 0.8701
vn 0.8565 0.3636 -0.3662
vn 1.0000 0.0014 -0.0001
vn 0.9980 -0.0325 -0.0545
vn 0.9979 -0.0289 -0.0586
vn 0.9981 -0.0309 -0.0535
vn 0.9949 -0.0802 -0.0610
vn 0.9949 -0.0807 -0.0605
vn 0.9988 0.0389 -0.0300
vn 0.9987 0.0396 -0.0306
vn 0.9988 0.0388 -0.0287
vn 0.9977 0.0559 -0.0394
vn 0.9976 0.0553 -0.0405
vn 0.9203 -0.3733 -0.1171
vn 0.9194 -0.3762 -0.1147
vn 0.3046 -0.8467 -0.4362
vn 0.9767 -0.1396 -0.1631
vn -0.9817 0.1629 0.0982
vn 0.2250 0.9154 -0.3338
vn 0.4177 -0.8882 -0.1914
vn 0.9848 -0.1419 -0.1004
vn 0.3663 0.9235 -0.1140
vn -0.9790 0.1802 0.0950
vn 0.9750 -0.2155 0.0543
vn -0.9764 0.2153 0.0164
vn 0.5646 0.5182 0.6424
vn 0.4818 -0.8530 0.2005
vn 0.5658 -0.4198 0.7097
vn 0.9816 -0.1703 -0.0868
vn 0.9821 -0.1696 -0.0825
vn 0.9816 -0.1704 -0.0862
vn 0.0360 0.9855 -0.1656
vn 0.9847 -0.1544 -0.0809
vn 0.9847 -0.1547 -0.0804
vn -0.0654 0.8592 -0.5075
vn -0.9985 0.0513 0.0186
vn -0.9981 0.0545 -0.0284
vn 0.9964 -0.0435 0.0732
vn 0.9995 0.0288 0.0096
vn 0.9995 0.0298 0.0116
vn 0.9999 0.0029 0.0169
vn 0.9998 0.0041 0.0188
vn 0.9999 0.0143 0.0094
vn 0.9998 0.0157 0.0111
vn 0.9997 0.0241 0.0010
vn 0.9997 0.0258 0.0024
vn 0.9996 0.0264 -0.0027
vn 0.9997 0.0256 -0.0006
vn 0.9997 -0.0218 0.0140
vn 0.9935 -0.1142 0.0018
vn 0.9936 -0.1110 -0.0213
vn 0.9944 -0.1060 -0.0008
vn 0.9983 0.0463 0.0346
vn 0.9994 0.0052 0.0335
vn 0.9981 0.0315 0.0536
vn 0.9966 0.0678 -0.0462
vn 0.9982 0.0453 0.0387
vn -0.8344 0.2352 -0.4985
vn -0.7643 0.0343 -0.6439
vn -0.2814 -0.5310 -0.7993
vn -0.9722 -0.0136 -0.2339
vn -0.7847 -0.6190 0.0331
vn -0.9313 0.2024 -0.3027
vn -0.9584 0.2755 0.0747
vn -0.7455 0.0011 0.6665
vn -0.9264 0.3448 -0.1517
vn -0.7481 0.6632 0.0208
vn -0.2495 0.7754 0.5801
vn -0.8275 0.5289 -0.1886
vn 0.3025 0.9169 -0.2603
vn -0.7242 0.5712 -0.3864
vn -0.5001 0.7667 -0.4027
vn 0.2757 0.2395 -0.9309
vn -0.7263 0.4195 -0.5445
vn -0.5049 0.4227 -0.7526
vn -0.7929 -0.6067 -0.0568
vn -0.7947 -0.6045 -0.0543
vn -0.8667 0.4984 -0.0188
vn -0.7917 -0.6027 0.0997
vn -0.8553 -0.0000 -0.5182
vn -0.7987 -0.2863 -0.5293
vn -0.7886 0.2951 -0.5394
vn -0.8143 0.4996 -0.2953
vn -0.5794 0.7726 -0.2596
vn -0.4753 -0.7574 -0.4476
vn -0.5692 0.7009 -0.4299
vn -0.6707 -0.7342 0.1050
vn -0.5866 0.8067 -0.0712
vn -0.6163 -0.7834 -0.0806
vn -0.6146 -0.7850 -0.0776
vn -0.6187 -0.7818 -0.0777
vn -0.5403 0.7322 0.4146
vn -0.5380 -0.8022 -0.2588
vn -0.5356 -0.8067 -0.2497
vn -0.5428 -0.8025 -0.2478
vn -0.9431 0.3051 -0.1325
vn -0.9332 0.3316 0.1382
vn -0.9298 -0.3676 -0.0163
vn -0.9293 -0.3689 -0.0161
vn -0.9485 0.3166 0.0126
vn -0.9228 -0.3798 0.0648
vn -0.8126 0.5237 0.2559
vn -0.8419 0.5132 -0.1669
vn -0.6115 -0.7063 -0.3567
vn -0.9910 0.1296 0.0322
vn -0.9908 0.1319 0.0307
vn -0.9911 0.1292 0.0320
vn -0.9892 0.1101 0.0969
vn -0.1567 -0.7939 0.5874
vn -0.9555 0.1368 0.2612
vn -0.7739 -0.5036 -0.3840
vn -0.8732 0.3250 0.3632
vn -0.9365 0.2980 -0.1847
vn -0.9472 0.1505 -0.2833
vn -0.9854 -0.1410 0.0956
vn -0.9880 -0.1534 0.0168
vn -0.9879 -0.1545 0.0141
vn -0.8659 -0.2228 -0.4479
vn -0.9889 -0.1444 0.0362
vn -0.9884 -0.1470 0.0375
vn -0.9922 0.1191 0.0379
vn -0.9924 0.1177 0.0351
vn -0.8721 0.4806 0.0922
vn -0.9235 -0.3670 0.1119
vn -0.9438 0.3257 0.0563
vn -0.5651 0.8120 0.1458
vn -0.5953 -0.7497 0.2890
vn -0.7445 -0.6396 0.1913
vn -0.5762 -0.5946 0.5608
vn -0.9529 -0.0723 0.2945
vn -0.8768 -0.2993 -0.3762
vn -0.4626 -0.6416 0.6118
vn -0.4125 0.0016 -0.9109
vn -0.3605 0.4806 -0.7994
vn -0.4293 0.4867 -0.7608
vn -0.6303 -0.4028 -0.6637
vn -0.5749 -0.7735 -0.2668
vn -0.7847 -0.5912 -0.1864
vn -0.9443 -0.1849 0.2721
vn -0.8823 0.3520 0.3126
vn -0.9371 0.1871 0.2946
vn -0.6600 0.5279 0.5346
vn -0.8549 -0.3477 0.3851
vn -0.4409 0.6046 0.6634
vn -0.8246 -0.4725 0.3111
vn -0.6913 0.4191 -0.5886
vn -0.8372 -0.5179 -0.1758
vn 0.4803 0.1355 0.8666
vn -0.6448 -0.6988 -0.3097
vn -0.3858 0.7272 -0.5678
vn -0.4456 -0.8119 -0.3772
vn -0.6650 0.6126 -0.4273
vn -0.9948 0.0777 -0.0651
vn -0.9951 0.0860 -0.0479
vn -0.9937 0.0880 -0.0688
vn -0.9908 0.1250 -0.0513
vn -0.9923 0.1082 -0.0608
vn -0.9911 0.1231 -0.0504
vn -0.9702 -0.1399 -0.1979
vn -0.9446 -0.1625 -0.2852
vn -0.9601 -0.1654 -0.2253
vn -0.9983 -0.0062 -0.0582
vn -1.0000 0.0002 -0.0001
vn -1.0000 -0.0004 0.0012
vn -0.9984 0.0475 -0.0300
vn -0.9984 0.0489 -0.0300
vn -0.9983 0.0496 -0.0312
vn -0.9988 0.0018 -0.0497
vn -0.9987 0.0022 -0.0508
vn -0.9869 -0.1602 -0.0213
vn -0.9868 -0.1606 -0.0227
vn -0.9980 -0.0351 -0.0523
vn -0.9979 -0.0350 -0.0536
vn -0.4231 0.7834 0.4553
vn -0.9707 0.2383 0.0293
vn -0.9709 0.2380 0.0278
vn -0.4132 0.5773 -0.7043
vn -0.8463 0.4129 -0.3367
vn -0.8057 0.2881 -0.5175
vn -0.7864 0.2664 -0.5574
vn -0.8725 0.0842 -0.4813
vn -0.8638 0.0013 -0.5038
vn -0.6525 -0.6540 -0.3828
vn -0.4596 -0.7821 -0.4208
vn -0.8073 -0.5158 -0.2867
vn -0.9836 0.1591 -0.0852
vn -0.9837 0.1596 -0.0825
vn -0.9835 0.1594 -0.0857
vn -0.8003 -0.5764 -0.1655
vn -0.7996 -0.5745 -0.1748
vn -0.7983 -0.5772 -0.1722
vn -0.8175 0.5580 0.1426
vn -0.4513 0.8615 -0.2328
vn -0.4515 0.8617 -0.2317
vn -0.9675 -0.1908 0.1659
vn -0.9424 0.0547 0.3299
vn -0.9609 0.0970 0.2593
vn -0.7512 -0.6600 0.0060
vn -0.4056 -0.9085 -0.1006
vn -0.9484 -0.1876 0.2557
vn -0.9159 -0.2198 0.3358
vn -0.2191 -0.9374 0.2708
vn -0.6705 -0.6896 0.2735
vn -0.6794 0.6563 0.3281
vn -0.4768 0.8768 0.0630
vn -0.9217 -0.3501 0.1672
vn -0.9608 0.1269 0.2464
vn -0.9254 0.3090 0.2196
vn -0.6404 0.6568 0.3981
vn -0.6066 -0.7121 0.3534
vn -0.4011 -0.8230 0.4022
vn -0.9236 -0.2458 0.2942
vn -0.4385 0.8400 0.3195
vn -0.8390 -0.4445 0.3138
vn -0.9259 0.1658 0.3395
vn -0.8743 0.3456 0.3409
vn -0.5160 -0.7384 -0.4341
vn -0.5125 -0.7420 -0.4322
vn -0.5158 -0.7432 -0.4262
vn -0.7370 -0.6100 -0.2910
vn -0.7330 -0.6158 -0.2889
vn -0.9042 -0.4040 -0.1384
vn -0.9026 -0.4070 -0.1404
vn -0.9698 0.1964 -0.1448
vn -0.9693 0.1986 -0.1451
vn -0.4470 0.6355 -0.6296
vn -0.7540 0.4467 -0.4815
vn -0.9379 -0.1141 -0.3277
vn -0.9840 -0.1607 -0.0775
vn -0.9841 -0.1598 -0.0774
vn -0.9804 -0.1753 -0.0897
vn -0.9805 -0.1746 -0.0906
vn 0.3846 -0.2380 0.8919
vn -0.3564 -0.1159 0.9271
vn -0.4984 0.3814 0.7785
vn -0.4703 0.7498 0.4654
vn 0.3320 -0.6882 0.6451
vn -0.9443 0.1651 -0.2847
vn -0.9548 0.0117 -0.2969
vn -0.1124 -0.9119 0.3947
vn 0.3915 -0.7198 0.5732
vn -0.9165 -0.1912 -0.3514
vn -0.1854 0.9004 0.3937
vn 0.3701 0.0566 0.9273
vn 0.4929 -0.0079 0.8701
vn -0.8565 0.3636 -0.3662
vn -1.0000 0.0014 -0.0001
vn -1.0000 0.0014 0.0005
vn -0.9980 -0.0325 -0.0545
vn -0.9980 -0.0310 -0.0553
vn -0.9979 -0.0289 -0.0586
vn -0.9949 -0.0802 -0.0610
vn -0.9948 -0.0811 -0.0619
vn -0.9988 0.0389 -0.0300
vn -0.9989 0.0382 -0.0288
vn -0.9988 0.0399 -0.0289
vn -0.9977 0.0554 -0.0397
vn -0.9976 0.0553 -0.0405
vn -0.9203 -0.3733 -0.1171
vn -0.9202 -0.3734 -0.1177
vn -0.9199 -0.3753 -0.1137
vn -0.3046 -0.8467 -0.4362
vn -0.9767 -0.1396 -0.1631
vn 0.9817 0.1629 0.0982
vn -0.2250 0.9154 -0.3338
vn -0.4177 -0.8882 -0.1914
vn -0.9848 -0.1419 -0.1004
vn -0.3663 0.9235 -0.1140
vn 0.9790 0.1802 0.0950
vn -0.9750 -0.2155 0.0543
vn 0.9764 0.2153 0.0164
vn -0.5646 0.5182 0.6424
vn -0.4818 -0.8530 0.2005
vn -0.5658 -0.4198 0.7097
vn -1.0000 -0.0021 -0.0035
vn -0.9944 -0.0990 0.0373
vn -0.9998 -0.0067 -0.0164
vn -0.9997 0.0164 -0.0193
vn -0.9964 -0.0435 0.0732
vn -0.9995 0.0288 0.0096
vn -0.9995 0.0286 0.0118
vn -0.9999 0.0029 0.0169
vn -0.9998 0.0039 0.0190
vn -0.9999 0.0143 0.0094
vn -0.9998 0.0155 0.0113
vn -0.9997 0.0241 0.0010
vn -0.9997 0.0256 0.0027
vn -0.9996 0.0272 0.0008
vn -0.9997 0.0256 -0.0006
vn -0.9997 -0.0218 0.0140
vn -0.9935 -0.1142 0.0018
vn -0.9944 -0.1060 -0.0008
vn -0.9936 -0.1110 -0.0213
vn -0.9983 0.0463 0.0346
vn -0.9994 0.0052 0.0335
vn -0.9981 0.0315 0.0536
vn -0.9966 0.0678 -0.0462
vn -0.9982 0.0453 0.0387
vn -0.0000 0.8662 0.4997
vn -0.0000 -0.9576 0.2883
vn -0.0000 -0.7406 0.6720
vn -0.0000 -0.3869 0.9221
vn -0.0000 0.0065 1.0000
vn -0.0000 0.4346 0.9006
vn -0.0000 0.7714 0.6364
vn -0.0000 0.7874 0.6164
vn -0.0000 0.7248 0.6890
vn -0.0000 0.7846 0.6201
vn -0.0000 0.8923 0.4514
vn -0.0000 0.8455 0.5340
vn -0.0000 0.9269 0.3752
vn -0.0000 0.9573 0.2891
vn -0.0000 0.8908 0.4544
vn -0.0000 0.6745 0.7383
vn -0.0000 0.1775 0.9841
vn -0.0000 -0.3439 0.9390
vn -0.0000 0.9836 -0.1801
vn -0.0000 0.8971 -0.4418
vn -0.0000 0.6116 -0.7911
vn -0.0000 0.4577 -0.8891
vn -0.0000 0.0930 -0.9957
vn -0.0000 0.9400 -0.3412
vn -0.0000 0.8465 -0.5324
vn -0.0000 0.8707 0.4917
vn -0.0000 -0.0963 0.9954
vn -0.0000 0.6998 -0.7144
vn -0.0000 0.7882 -0.6154
vn -0.0000 0.6324 -0.7746
vn -0.3854 -0.3646 -0.8477
vn -0.0000 -0.4706 -0.8823
vn -0.0000 0.5727 -0.8198
vn -0.0000 -0.8429 -0.5380
vn -0.0000 -0.8912 -0.4536
vn -0.0000 -0.8973 -0.4413
vn -0.0000 -0.8795 -0.4759
vn -0.0083 -0.8775 -0.4795
vn 0.0092 -0.8791 -0.4765
vn -0.0045 -0.9423 -0.3349
vn -0.0024 -0.9367 -0.3502
vn 0.0024 -0.9367 -0.3502
vn 0.0011 -0.9426 -0.3338
vn -0.0082 -0.0684 -0.9976
vn -0.0000 -0.0659 -0.9978
vn 0.0082 -0.0683 -0.9976
vn -0.0000 -0.1604 -0.9871
vn -0.0000 -0.3770 -0.9262
vn -0.0000 -0.5274 -0.8496
vn -0.0000 -0.8602 -0.5100
vn -0.0000 -0.9528 0.3036
vn -0.0000 -0.6281 0.7782
vn -0.0000 0.0155 0.9999
vn -0.0000 0.2446 0.9696
vn -0.0000 0.4930 0.8700
vn -0.0000 0.3304 0.9438
vn -0.0000 0.1234 0.9924
vn -0.0000 0.1227 0.9924
vn -0.0108 0.1047 0.9944
vn 0.0108 0.1047 0.9944
vn -0.0190 -0.9553 -0.2950
vn -0.0019 -0.9515 -0.3076
vn 0.0033 -0.9518 -0.3066
vn 0.0190 -0.9553 -0.2950
vn -0.0040 -0.9950 -0.0998
vn -0.0000 -0.9948 -0.1017
vn 0.0029 -0.9951 -0.0984
vn -0.0000 -0.9931 0.1169
vn -0.0000 -0.8219 -0.5696
vn -0.0000 -0.9275 -0.3738
vn -0.0023 -0.9275 -0.3738
vn -0.0000 -0.9267 -0.3759
vn -0.0000 -0.9946 -0.1037
vn 0.0023 -0.9946 -0.1037
vn -0.0000 -0.9948 -0.1015
vn -0.0000 -0.9865 0.1635
vn -0.0000 -0.6727 0.7399
vn -0.0000 -0.4519 0.8921
vn -0.0000 -0.3931 0.9195
vn -0.0000 0.1681 0.9858
vn -0.0000 0.8355 0.5495
vn -0.0000 0.9992 0.0395
vn -0.0000 0.9520 -0.3060
vn -0.0000 0.9314 0.3639
vn -0.0000 -0.7214 0.6926
vn -0.0000 -0.8919 0.4523
vn -0.0000 -0.9642 0.2653
vn -0.0000 -0.9892 -0.1467
vn -0.0000 -0.9575 -0.2883
vn -0.0000 -0.7050 -0.7092
vn -0.0000 -0.8091 -0.5877
vn -0.0012 -0.8081 -0.5890
vn 0.0020 -0.8088 -0.5881
vn -0.0040 -0.9442 -0.3292
vn 0.0004 -0.9438 -0.3305
vn 0.0006 -0.9465 -0.3226
vn -0.0017 -0.9463 -0.3233
vn -0.0326 -0.9993 0.0185
vn 0.0110 -0.9999 -0.0041
vn 0.0065 -0.9996 0.0284
vn -0.0051 -0.9995 0.0318
vn -0.0260 -0.8609 0.5081
vn 0.0614 -0.8386 0.5413
vn 0.0307 -0.8214 0.5696
vn -0.0014 -0.8105 0.5858
vn -0.0036 -0.1759 0.9844
vn 0.0036 -0.1759 0.9844
vn 0.0131 -0.1096 0.9939
vn -0.0631 -0.1597 0.9851
vn -0.0000 0.3534 0.9355
vn 0.0045 0.3563 0.9344
vn -0.0045 0.3563 0.9344
vn -0.0000 0.5364 0.8440
vn -0.0000 0.6014 0.7990
vn -0.0000 0.3841 0.9233
vn -0.0000 -0.2881 0.9576
vn -0.0000 -0.6143 0.7891
vn -0.0000 -0.4784 0.8782
vn -0.0000 -0.1869 0.9824
vn -0.0178 -0.1943 0.9808
vn 0.0178 -0.1943 0.9808
vn -0.0059 0.3635 0.9316
vn -0.1880 0.3265 0.9263
vn 0.0853 0.1823 0.9795
vn 0.0060 0.3635 0.9316
vn -0.0778 0.9298 0.3597
vn -0.0006 0.8437 0.5369
vn -0.0002 0.8437 0.5369
vn 0.1792 0.8714 0.4567
vn -0.0234 0.9994 0.0250
vn -0.0134 0.9990 0.0435
vn 0.0001 0.9988 0.0498
vn 0.0236 0.9994 0.0255
vn -0.0110 0.9072 -0.4205
vn -0.0014 0.9134 -0.4071
vn 0.0016 0.9135 -0.4069
vn 0.0174 0.9125 -0.4087
vn -0.0011 0.8052 -0.5931
vn -0.0000 0.8060 -0.5919
vn 0.0010 0.8052 -0.5929
vn -0.0000 0.7631 -0.6462
vn -0.0013 0.7635 -0.6458
vn -0.0000 0.7641 -0.6451
vn -0.0007 0.9878 -0.1560
vn -0.0000 0.9879 -0.1550
vn 0.0009 0.9879 -0.1550
vn -0.0000 0.9975 0.0711
vn -0.0000 0.9446 0.3284
vn -0.9988 -0.0434 -0.0217
vn -0.9997 -0.0237 -0.0078
vn -0.9984 0.0320 0.0459
vn -0.9975 0.0494 0.0496
vn -0.9985 0.0517 0.0198
vn -0.9881 0.0498 0.1455
vn -1.0000 -0.0000 -0.0000
vn 0.9997 0.0164 -0.0193
vn 0.9998 -0.0067 -0.0164
vn 0.9944 -0.0990 0.0373
vn 1.0000 -0.0021 -0.0035
vn 0.9981 0.0545 -0.0284
vn 0.9985 0.0513 0.0186
vn 0.9988 -0.0434 -0.0217
vn 0.9997 -0.0237 -0.0078
vn 0.9984 0.0320 0.0459
vn 0.9975 0.0494 0.0496
vn 0.9985 0.0517 0.0198
vn 0.9881 0.0498 0.1455
vn 1.0000 -0.0000 -0.0000
vn 0.5242 -0.8036 -0.2821
vn 0.5271 -0.8057 -0.2703
vn 0.5161 -0.8122 -0.2719
vn 0.5379 -0.8055 -0.2485
vn 0.5382 -0.8021 -0.2588
vn 0.5428 -0.8025 -0.2478
vn 0.5546 -0.7971 -0.2387
vn 0.5605 -0.7934 -0.2376
vn 0.5600 -0.7999 -0.2157
vn 0.9830 -0.1704 -0.0681
vn 0.9854 -0.1553 -0.0704
vn 0.9855 -0.1555 -0.0681
vn 0.9819 -0.1711 -0.0809
vn 0.9818 -0.1726 -0.0791
vn 0.9775 -0.1668 -0.1294
vn 0.9779 -0.1646 -0.1288
vn 0.9779 -0.1651 -0.1281
vn 0.8180 -0.2796 -0.5026
vn 0.7715 -0.4370 -0.4624
vn 0.8127 -0.2449 -0.5287
vn 0.9937 0.0880 -0.0688
vn 0.9951 0.0860 -0.0479
vn 0.9965 0.0683 -0.0483
vn 0.9819 -0.1838 -0.0453
vn 0.9807 -0.1905 -0.0435
vn 0.9802 -0.1915 -0.0507
vn 0.9601 -0.1654 -0.2253
vn 0.9689 -0.0970 -0.2275
vn 0.9698 -0.1345 -0.2034
vn 0.9810 -0.1545 -0.1174
vn 0.9811 -0.1536 -0.1175
vn 0.9796 -0.1669 -0.1123
vn 0.9797 -0.1642 -0.1149
vn 0.9823 -0.1672 -0.0843
vn -0.5144 -0.8121 -0.2755
vn -0.5281 -0.8040 -0.2734
vn -0.5242 -0.8036 -0.2821
vn -0.5899 -0.7679 -0.2497
vn -0.6064 -0.7549 -0.2498
vn -0.5884 -0.7652 -0.2614
vn -0.5600 -0.7999 -0.2157
vn -0.5598 -0.7934 -0.2391
vn -0.5543 -0.7976 -0.2380
vn -0.8127 -0.2449 -0.5287
vn -0.6951 -0.2728 -0.6652
vn -0.8179 -0.2798 -0.5027
vn -0.9925 0.1121 -0.0494
vn -0.9937 0.1118 -0.0120
vn -0.9902 0.1329 -0.0418
vn -0.9802 -0.1915 -0.0507
vn -0.9808 -0.1902 -0.0435
vn -0.9817 -0.1862 -0.0405
vn -0.9401 -0.3352 0.0623
vn -0.9511 -0.3034 0.0576
vn -0.9393 -0.3391 0.0518
vn -0.8505 -0.3910 0.3517
vn 0.8505 -0.3910 0.3517
vn -0.9847 -0.1547 -0.0804
vn -0.9816 -0.1701 -0.0871
vn -0.9816 -0.1704 -0.0862
vn -0.9822 -0.1689 -0.0825
vn -0.9824 -0.1667 -0.0848
vn -0.9830 -0.1704 -0.0681
vn -0.9854 -0.1553 -0.0704
vn -0.9853 -0.1566 -0.0680
vn -0.9815 -0.1737 -0.0808
vn -0.9819 -0.1711 -0.0809
vn -0.9779 -0.1646 -0.1288
vn -0.9775 -0.1650 -0.1312
vn -0.9796 -0.1669 -0.1123
vn -0.9794 -0.1652 -0.1159
vn -0.9811 -0.1536 -0.1175
vn -0.0972 -0.8576 -0.5051
vn -0.5217 -0.0209 -0.8529
vn 0.6477 0.0414 0.7608
vn 0.0654 0.8592 -0.5075
vn -0.0360 0.9855 -0.1656
vn -0.0790 -0.8204 -0.5664
vn 0.0972 -0.8576 -0.5051
vn 0.5217 -0.0209 -0.8529
vt 0.336856 0.911446
vt 0.338250 0.904091
vt 0.343926 0.910661
vt 0.336979 0.916720
vt 0.349224 0.915360
vt 0.357186 0.871614
vt 0.363268 0.869876
vt 0.367017 0.881573
vt 0.361515 0.885120
vt 0.346321 0.903190
vt 0.353372 0.902420
vt 0.354213 0.916720
vt 0.359003 0.901779
vt 0.341646 0.896504
vt 0.345275 0.890841
vt 0.349653 0.888408
vt 0.334577 0.897290
vt 0.333030 0.892201
vt 0.809728 0.819779
vt 0.804931 0.820444
vt 0.804931 0.808887
vt 0.809728 0.806435
vt 0.806821 0.911913
vt 0.812763 0.913641
vt 0.812763 0.927467
vt 0.806821 0.927877
vt 0.332182 0.904761
vt 0.817361 0.916714
vt 0.817361 0.924696
vt 0.357186 0.857033
vt 0.363268 0.857249
vt 0.367353 0.861305
vt 0.367353 0.868596
vt 0.735532 0.521394
vt 0.728070 0.605139
vt 0.689793 0.595096
vt 0.700660 0.520020
vt 0.373630 0.589687
vt 0.367847 0.515174
vt 0.422611 0.513906
vt 0.419596 0.583837
vt 0.726157 0.429689
vt 0.689294 0.429939
vt 0.583215 0.856064
vt 0.564206 0.856311
vt 0.562479 0.831108
vt 0.585879 0.831372
vt 0.615955 0.836839
vt 0.615611 0.817442
vt 0.532536 0.835730
vt 0.539619 0.820188
vt 0.430283 0.718461
vt 0.394390 0.655329
vt 0.436908 0.656493
vt 0.459270 0.701806
vt 0.885324 0.305854
vt 0.878900 0.227877
vt 0.892937 0.225286
vt 0.898393 0.293462
vt 0.775626 0.654078
vt 0.775626 0.684189
vt 0.762912 0.671985
vt 0.762912 0.640829
vt 0.889047 0.370412
vt 0.901835 0.363999
vt 0.775247 0.276677
vt 0.773542 0.369058
vt 0.759793 0.368150
vt 0.763426 0.275986
vt 0.874577 0.150803
vt 0.888092 0.151362
vt 0.775563 0.453234
vt 0.760965 0.450912
vt 0.865945 0.066234
vt 0.857944 0.000000
vt 0.871083 0.002409
vt 0.876683 0.065662
vt 0.773403 0.512070
vt 0.774843 0.474703
vt 0.487163 0.583607
vt 0.502411 0.651990
vt 0.432130 0.428748
vt 0.464794 0.352961
vt 0.510629 0.352258
vt 0.493433 0.430603
vt 0.640451 0.590649
vt 0.647734 0.517143
vt 0.484332 0.515295
vt 0.641640 0.432362
vt 0.383691 0.423754
vt 0.429904 0.349436
vt 0.748480 0.652682
vt 0.744079 0.621232
vt 0.568930 0.586326
vt 0.575052 0.516248
vt 0.575373 0.434029
vt 0.578044 0.353276
vt 0.229155 0.904578
vt 0.230505 0.860566
vt 0.237156 0.860313
vt 0.233285 0.905137
vt 0.541902 0.286543
vt 0.575455 0.287025
vt 0.613351 0.776142
vt 0.624037 0.750148
vt 0.640960 0.757733
vt 0.628050 0.784772
vt 0.522053 0.285209
vt 0.509560 0.690935
vt 0.518001 0.733020
vt 0.571611 0.739744
vt 0.575709 0.789249
vt 0.541496 0.790054
vt 0.628226 0.353741
vt 0.120921 0.922073
vt 0.128445 0.929938
vt 0.109941 0.930061
vt 0.580213 0.807133
vt 0.671674 0.351244
vt 0.775532 0.146936
vt 0.762106 0.193016
vt 0.695931 0.349007
vt 0.735532 0.193231
vt 0.749595 0.124525
vt 0.767650 0.124541
vt 0.574760 0.189107
vt 0.572730 0.165303
vt 0.595349 0.164610
vt 0.591399 0.188798
vt 0.774772 0.124305
vt 0.107974 0.885578
vt 0.107974 0.903663
vt 0.089671 0.902083
vt 0.089671 0.884011
vt 0.096785 0.857033
vt 0.109500 0.859210
vt 0.096785 0.935036
vt 0.109500 0.938547
vt 0.778081 0.022572
vt 0.775419 0.022626
vt 0.776657 0.000000
vt 0.607749 0.186651
vt 0.624024 0.161511
vt 0.614457 0.185055
vt 0.603274 0.287317
vt 0.551252 0.248590
vt 0.537686 0.247459
vt 0.575161 0.248950
vt 0.503750 0.284366
vt 0.624952 0.286366
vt 0.224724 0.857033
vt 0.224724 0.935612
vt 0.212067 0.941747
vt 0.211558 0.866328
vt 0.611041 0.247718
vt 0.595105 0.249023
vt 0.500282 0.809367
vt 0.509057 0.796901
vt 0.654912 0.720710
vt 0.625603 0.712872
vt 0.838495 0.831629
vt 0.841502 0.827830
vt 0.870142 0.853047
vt 0.867470 0.860025
vt 0.761720 0.571381
vt 0.762912 0.606053
vt 0.739679 0.595432
vt 0.735800 0.559775
vt 0.791166 0.790618
vt 0.788063 0.738649
vt 0.800562 0.738164
vt 0.803351 0.784889
vt 0.775199 0.577705
vt 0.775626 0.611044
vt 0.467884 0.768162
vt 0.480758 0.744268
vt 0.469492 0.000000
vt 0.446063 0.034532
vt 0.446947 0.015444
vt 0.498558 0.126025
vt 0.469212 0.086395
vt 0.490527 0.004095
vt 0.682777 0.000000
vt 0.706701 0.015714
vt 0.707114 0.037703
vt 0.658587 0.129007
vt 0.637993 0.020945
vt 0.658646 0.008535
vt 0.580851 0.053179
vt 0.607200 0.042892
vt 0.578924 0.094818
vt 0.531734 0.164879
vt 0.547576 0.165134
vt 0.965052 0.250190
vt 0.969787 0.282866
vt 0.957294 0.280309
vt 0.955521 0.248210
vt 0.548436 0.188241
vt 0.537234 0.187735
vt 0.792795 0.823982
vt 0.804009 0.817263
vt 0.555559 0.811530
vt 0.657340 0.767049
vt 0.634959 0.803908
vt 0.567060 0.658848
vt 0.699732 0.683635
vt 0.666150 0.675668
vt 0.546595 0.211935
vt 0.536169 0.211288
vt 0.957932 0.171552
vt 0.956933 0.195017
vt 0.953095 0.193939
vt 0.560804 0.188613
vt 0.604003 0.211444
vt 0.612017 0.208446
vt 0.777981 0.045282
vt 0.774589 0.045716
vt 0.574950 0.213164
vt 0.590665 0.213073
vt 0.776011 0.084277
vt 0.770587 0.084766
vt 0.756839 0.084804
vt 0.765992 0.048037
vt 0.524490 0.246731
vt 0.959039 0.217849
vt 0.953090 0.216286
vt 0.556210 0.212890
vt 0.772683 0.530754
vt 0.758439 0.526652
vt 0.673349 0.730845
vt 0.932953 0.934288
vt 0.923741 0.937669
vt 0.923741 0.888903
vt 0.931899 0.894561
vt 0.627610 0.666776
vt 0.566252 0.702681
vt 0.786616 0.690921
vt 0.804931 0.684189
vt 0.428805 0.721464
vt 0.459900 0.703492
vt 0.600191 0.743685
vt 0.919930 0.881784
vt 0.920467 0.873389
vt 0.975287 0.882553
vt 0.976149 0.888903
vt 0.919777 0.866190
vt 0.975300 0.876412
vt 0.869523 0.848490
vt 0.923524 0.350241
vt 0.928473 0.353385
vt 0.904426 0.366184
vt 0.224724 0.901912
vt 0.224724 0.857033
vt 0.510403 0.694146
vt 0.564457 0.704360
vt 0.597256 0.744201
vt 0.236931 0.940389
vt 0.889799 0.372608
vt 0.829950 0.813103
vt 0.834263 0.812935
vt 0.550341 0.043897
vt 0.687451 0.091414
vt 0.518568 0.019324
vt 0.109500 0.900323
vt 0.124908 0.899759
vt 0.045207 0.956295
vt 0.010453 0.950839
vt 0.000000 0.902766
vt 0.062308 0.926755
vt 0.598208 0.856987
vt 0.610021 0.882060
vt 0.530036 0.899863
vt 0.548102 0.856987
vt 0.988109 0.329041
vt 0.977235 0.317874
vt 0.976804 0.271052
vt 0.988109 0.279281
vt 0.111281 0.874982
vt 0.127299 0.873287
vt 0.000000 0.865007
vt 0.069842 0.901355
vt 0.974516 0.237281
vt 0.985712 0.241634
vt 0.613144 0.909575
vt 0.525540 0.933683
vt 0.010207 0.857033
vt 0.069120 0.888888
vt 0.606824 0.924981
vt 0.536721 0.946242
vt 0.280747 0.858140
vt 0.291588 0.857033
vt 0.290905 0.869838
vt 0.280422 0.868114
vt 0.113972 0.862750
vt 0.128445 0.857033
vt 0.291588 0.935972
vt 0.279655 0.927706
vt 0.616905 0.649522
vt 0.969787 0.327375
vt 0.970912 0.342793
vt 0.879225 0.447505
vt 0.858486 0.536953
vt 0.848885 0.437751
vt 0.914146 0.377059
vt 0.791662 0.870690
vt 0.803096 0.882810
vt 0.804681 0.903193
vt 0.774837 0.860443
vt 0.796322 0.944066
vt 0.761088 0.853228
vt 0.746420 0.854325
vt 0.738085 0.864456
vt 0.735532 0.883209
vt 0.778755 0.977183
vt 0.740139 0.903256
vt 0.735532 0.912268
vt 0.762263 0.996242
vt 0.693713 0.856987
vt 0.728174 0.881563
vt 0.727050 0.888176
vt 0.691516 0.866489
vt 0.726636 0.900352
vt 0.691247 0.911065
vt 0.688796 0.887482
vt 0.726247 0.892934
vt 0.697813 0.934082
vt 0.728174 0.906725
vt 0.714009 0.943438
vt 0.706949 0.943591
vt 0.728021 0.910556
vt 0.719728 0.939599
vt 0.851977 0.911845
vt 0.845105 0.910984
vt 0.850692 0.904415
vt 0.850029 0.917057
vt 0.839818 0.915718
vt 0.963902 0.924660
vt 0.959573 0.938165
vt 0.954071 0.934618
vt 0.957820 0.922922
vt 0.835753 0.902715
vt 0.842758 0.903476
vt 0.834644 0.917211
vt 0.829950 0.902195
vt 0.843590 0.891204
vt 0.847283 0.896830
vt 0.839000 0.888903
vt 0.855493 0.892696
vt 0.854155 0.897692
vt 0.947243 0.910079
vt 0.953735 0.919416
vt 0.947788 0.920794
vt 0.942165 0.912708
vt 0.952524 0.935305
vt 0.946739 0.934554
vt 0.856503 0.905199
vt 0.942165 0.931448
vt 0.942771 0.923503
vt 0.963902 0.910079
vt 0.957820 0.910294
vt 0.953735 0.921641
vt 0.953735 0.914351
vt 0.000000 0.521450
vt 0.036383 0.520249
vt 0.047377 0.595340
vt 0.007415 0.605190
vt 0.362010 0.589765
vt 0.317611 0.584092
vt 0.314554 0.514157
vt 0.367847 0.515258
vt 0.009167 0.429721
vt 0.047595 0.430151
vt 0.152186 0.857033
vt 0.150380 0.831516
vt 0.173791 0.831253
vt 0.171203 0.856820
vt 0.119510 0.836891
vt 0.120633 0.817583
vt 0.196660 0.820335
vt 0.202966 0.835788
vt 0.304991 0.718043
vt 0.277593 0.702022
vt 0.300068 0.656721
vt 0.341274 0.655409
vt 0.869440 0.307000
vt 0.854115 0.296657
vt 0.849529 0.228418
vt 0.864592 0.228909
vt 0.789855 0.654078
vt 0.802570 0.640829
vt 0.802570 0.671985
vt 0.789855 0.684189
vt 0.874014 0.371496
vt 0.859932 0.367022
vt 0.790235 0.276677
vt 0.802056 0.275986
vt 0.805689 0.368150
vt 0.791940 0.369058
vt 0.842349 0.154662
vt 0.856240 0.152126
vt 0.804517 0.450912
vt 0.789919 0.453234
vt 0.849469 0.067423
vt 0.838182 0.068440
vt 0.829950 0.005377
vt 0.843188 0.001065
vt 0.807043 0.526652
vt 0.792079 0.512070
vt 0.235697 0.652346
vt 0.251205 0.583992
vt 0.304872 0.428979
vt 0.244703 0.430962
vt 0.227171 0.352578
vt 0.272146 0.353184
vt 0.090454 0.517503
vt 0.097850 0.591023
vt 0.253928 0.515668
vt 0.096430 0.432709
vt 0.351785 0.423812
vt 0.305612 0.349497
vt 0.821403 0.621232
vt 0.817002 0.652682
vt 0.170031 0.586776
vt 0.163757 0.516681
vt 0.163249 0.434440
vt 0.160118 0.353635
vt 0.245156 0.904579
vt 0.241026 0.905137
vt 0.237155 0.860313
vt 0.243806 0.860566
vt 0.194970 0.286755
vt 0.161797 0.287280
vt 0.123821 0.776389
vt 0.108422 0.784938
vt 0.095741 0.757925
vt 0.113568 0.750443
vt 0.214398 0.285374
vt 0.228576 0.686645
vt 0.220120 0.733377
vt 0.195870 0.790325
vt 0.161971 0.789555
vt 0.166827 0.740136
vt 0.109514 0.354050
vt 0.156831 0.807366
vt 0.065174 0.351451
vt 0.790337 0.146936
vt 0.803376 0.193016
vt 0.039466 0.349048
vt 0.829950 0.193231
vt 0.797832 0.124541
vt 0.815887 0.124525
vt 0.160640 0.189151
vt 0.143846 0.188824
vt 0.139525 0.164593
vt 0.162195 0.165292
vt 0.790710 0.124305
vt 0.071368 0.903663
vt 0.071368 0.885578
vt 0.082556 0.857033
vt 0.765404 0.819946
vt 0.778613 0.825000
vt 0.768079 0.846751
vt 0.069842 0.938547
vt 0.082556 0.935036
vt 0.787401 0.022572
vt 0.788825 0.000000
vt 0.790063 0.022626
vt 0.127198 0.186643
vt 0.120229 0.185016
vt 0.110587 0.161464
vt 0.133529 0.287521
vt 0.185072 0.248740
vt 0.198317 0.247573
vt 0.161380 0.249124
vt 0.231724 0.284421
vt 0.111144 0.286488
vt 0.198392 0.857033
vt 0.211558 0.866328
vt 0.211048 0.941747
vt 0.198392 0.935612
vt 0.124663 0.247796
vt 0.141164 0.249165
vt 0.227470 0.797077
vt 0.235230 0.809428
vt 0.081987 0.720924
vt 0.112176 0.713187
vt 0.838495 0.778626
vt 0.867470 0.750230
vt 0.870142 0.757208
vt 0.841502 0.782426
vt 0.803762 0.571381
vt 0.829682 0.559775
vt 0.825803 0.595432
vt 0.802570 0.606053
vt 0.776984 0.791635
vt 0.763824 0.787726
vt 0.761034 0.741000
vt 0.773881 0.739667
vt 0.790282 0.577705
vt 0.789855 0.611044
vt 0.743901 0.778666
vt 0.735532 0.721946
vt 0.288742 0.034511
vt 0.265558 0.086370
vt 0.265501 0.000000
vt 0.236287 0.126008
vt 0.244597 0.004110
vt 0.027914 0.015664
vt 0.036695 0.002804
vt 0.052266 0.000000
vt 0.076132 0.128972
vt 0.076415 0.008538
vt 0.097077 0.020949
vt 0.154248 0.053188
vt 0.156182 0.094829
vt 0.127887 0.042899
vt 0.203163 0.164867
vt 0.187356 0.165125
vt 0.931285 0.250190
vt 0.941085 0.248210
vt 0.941366 0.280309
vt 0.928473 0.282866
vt 0.186721 0.188258
vt 0.197612 0.187717
vt 0.256022 0.744474
vt 0.181342 0.811748
vt 0.078096 0.767097
vt 0.100492 0.803958
vt 0.171630 0.659268
vt 0.035914 0.683706
vt 0.070947 0.675905
vt 0.188828 0.211983
vt 0.198784 0.211282
vt 0.936733 0.171552
vt 0.941669 0.193939
vt 0.937695 0.195017
vt 0.174552 0.188652
vt 0.131203 0.211465
vt 0.122718 0.208414
vt 0.787501 0.045282
vt 0.790892 0.045716
vt 0.160855 0.213254
vt 0.144917 0.213137
vt 0.789471 0.084277
vt 0.794894 0.084766
vt 0.808643 0.084804
vt 0.799489 0.048037
vt 0.210764 0.246760
vt 0.942140 0.216286
vt 0.936002 0.217849
vt 0.179414 0.212960
vt 0.792799 0.530754
vt 0.062139 0.730898
vt 0.110445 0.667122
vt 0.169992 0.701709
vt 0.750443 0.688100
vt 0.770219 0.692098
vt 0.267636 0.768224
vt 0.276242 0.703836
vt 0.307133 0.721575
vt 0.137317 0.743627
vt 0.919930 0.728472
vt 0.976149 0.721352
vt 0.975287 0.727703
vt 0.920467 0.736867
vt 0.975300 0.733843
vt 0.919777 0.744066
vt 0.869523 0.761765
vt 0.857751 0.369552
vt 0.829950 0.360494
vt 0.834370 0.356674
vt 0.249587 0.857033
vt 0.249587 0.901912
vt 0.228490 0.690112
vt 0.171516 0.703080
vt 0.139971 0.744587
vt 0.237380 0.940389
vt 0.873747 0.373766
vt 0.834263 0.797320
vt 0.829950 0.797153
vt 0.184769 0.043908
vt 0.047305 0.091381
vt 0.216550 0.019336
vt 0.135969 0.922073
vt 0.131983 0.899759
vt 0.147390 0.900323
vt 0.146950 0.930061
vt 0.673737 0.856987
vt 0.685581 0.888728
vt 0.619533 0.902769
vt 0.638154 0.856987
vt 0.451956 0.856987
vt 0.502454 0.856987
vt 0.520875 0.899805
vt 0.440070 0.882048
vt 0.810146 0.898243
vt 0.810146 0.848534
vt 0.821648 0.840283
vt 0.821199 0.887057
vt 0.129591 0.873287
vt 0.145610 0.874982
vt 0.688796 0.914945
vt 0.613144 0.940009
vt 0.812002 0.810821
vt 0.823346 0.806435
vt 0.525540 0.933587
vt 0.436982 0.909541
vt 0.686106 0.927155
vt 0.622037 0.949464
vt 0.514225 0.946151
vt 0.443340 0.924945
vt 0.278564 0.858140
vt 0.278888 0.868115
vt 0.268406 0.869838
vt 0.267722 0.857033
vt 0.142919 0.862750
vt 0.279655 0.927706
vt 0.267722 0.935972
vt 0.847293 0.419494
vt 0.902936 0.373766
vt 0.842655 0.410067
vt 0.880429 0.375686
vt 0.835838 0.405870
vt 0.852525 0.383195
vt 0.829950 0.405664
vt 0.834591 0.398622
vt 0.380870 0.874365
vt 0.397722 0.864164
vt 0.367847 0.906837
vt 0.369398 0.886454
vt 0.411497 0.856987
vt 0.376087 0.947732
vt 0.426169 0.858124
vt 0.434479 0.868278
vt 0.436982 0.887038
vt 0.432325 0.907073
vt 0.393550 0.980897
vt 0.436982 0.916100
vt 0.409970 1.000000
vt 0.962928 0.282866
vt 0.965131 0.292425
vt 0.929602 0.314178
vt 0.928473 0.307519
vt 0.930012 0.326361
vt 0.930404 0.318939
vt 0.967845 0.313428
vt 0.965378 0.336970
vt 0.958806 0.359997
vt 0.928473 0.332737
vt 0.942608 0.369352
vt 0.936889 0.365510
vt 0.928625 0.336571
vt 0.949667 0.369507
vt 0.817361 0.911913
vt 0.823174 0.911913
vt 0.823174 0.927364
vt 0.817361 0.927364
vt 0.828483 0.913666
vt 0.828483 0.925611
vt 0.166731 0.953454
vt 0.166731 0.947979
vt 0.179052 0.947979
vt 0.179052 0.953454
vt 0.166731 0.940557
vt 0.179052 0.940557
vt 0.166731 0.932385
vt 0.179052 0.932385
vt 0.166731 0.925292
vt 0.179052 0.925292
vt 0.166731 0.917269
vt 0.179052 0.917269
vt 0.166431 0.867333
vt 0.179351 0.867333
vt 0.166066 0.857033
vt 0.179716 0.857033
vt 0.990489 0.721455
vt 0.993427 0.775876
vt 0.976149 0.775746
vt 0.976847 0.721352
vt 0.993236 0.782898
vt 0.976715 0.782773
vt 0.994207 0.795565
vt 0.976149 0.795429
vt 0.993502 0.865604
vt 0.978476 0.865491
vt 0.993783 0.879727
vt 0.978782 0.879614
vt 0.943828 0.910079
vt 0.942165 0.901901
vt 0.960500 0.901901
vt 0.958838 0.910079
vt 0.942197 0.894115
vt 0.960469 0.894115
vt 0.942260 0.888903
vt 0.960405 0.888903
vt 0.267722 0.857033
vt 0.267607 0.865383
vt 0.249725 0.865383
vt 0.249587 0.857033
vt 0.267163 0.887970
vt 0.249786 0.887970
vt 0.266033 0.909559
vt 0.249665 0.909559
vt 0.923741 0.888903
vt 0.922731 0.906030
vt 0.908375 0.906030
vt 0.907364 0.888903
vt 0.922731 0.916913
vt 0.908375 0.916913
vt 0.786977 0.853228
vt 0.166066 0.857033
vt 0.165087 0.866727
vt 0.148370 0.866727
vt 0.147390 0.857033
vt 0.165087 0.887885
vt 0.148370 0.887885
vt 0.166066 0.911144
vt 0.147390 0.911144
vt 0.166066 0.933520
vt 0.147390 0.933520
vt 0.256938 0.927666
vt 0.256938 0.909559
vt 0.267722 0.909559
vt 0.267722 0.927666
vt 0.250028 0.927666
vt 0.250028 0.909559
vt 0.179716 0.915470
vt 0.198392 0.915470
vt 0.198392 0.920403
vt 0.179716 0.920403
vt 0.182016 0.885442
vt 0.196093 0.885442
vt 0.182016 0.881664
vt 0.196093 0.881664
vt 0.181984 0.875750
vt 0.196124 0.875750
vt 0.181984 0.868577
vt 0.196124 0.868577
vt 0.181984 0.863759
vt 0.196124 0.863759
vt 0.181156 0.857033
vt 0.196952 0.857033
vt 0.790639 0.474703
vt 0.776747 0.257764
vt 0.788735 0.257764
vt 0.776673 0.224802
vt 0.788808 0.224802
vt 0.776409 0.196213
vt 0.788686 0.196213
vt 0.776631 0.163603
vt 0.788851 0.163603
vt 0.776631 0.151384
vt 0.788851 0.151384
vt 0.895144 0.933112
vt 0.895320 0.916590
vt 0.907189 0.916590
vt 0.907364 0.933112
vt 0.895320 0.903109
vt 0.907189 0.903109
vt 0.895320 0.888903
vt 0.907189 0.888903
vt 0.304294 0.857033
vt 0.304619 0.866055
vt 0.292756 0.866055
vt 0.292432 0.857033
vt 0.304787 0.884341
vt 0.292925 0.884341
vt 0.304867 0.904793
vt 0.292714 0.904793
vt 0.306385 0.913163
vt 0.291588 0.913163
vt 0.320927 0.888320
vt 0.323301 0.927192
vt 0.306385 0.927192
vt 0.308759 0.888320
vt 0.808249 0.806435
vt 0.807224 0.771491
vt 0.826190 0.771491
vt 0.825165 0.806435
vt 0.808345 0.719691
vt 0.825069 0.719691
vt 0.809466 0.697750
vt 0.823948 0.697750
vt 0.828483 0.684189
vt 0.969891 0.222436
vt 0.999896 0.222436
vt 0.996669 0.237281
vt 0.973118 0.237281
vt 0.969787 0.198552
vt 1.000000 0.198552
vt 0.969812 0.177808
vt 0.999975 0.177808
vt 0.969824 0.146669
vt 0.999963 0.146669
vt 0.969830 0.120536
vt 0.999957 0.120536
vt 0.969872 0.091549
vt 0.999915 0.091549
vt 0.969907 0.062257
vt 0.999880 0.062257
vt 0.969978 0.036020
vt 0.999809 0.036020
vt 0.972562 0.015985
vt 0.997225 0.015985
vt 0.971179 0.000000
vt 0.998608 0.000000
vt 0.962490 0.000000
vt 0.958236 0.008378
vt 0.939887 0.008378
vt 0.935077 0.000000
vt 0.957797 0.026879
vt 0.940658 0.026879
vt 0.956798 0.082257
vt 0.940869 0.082257
vt 0.957627 0.126901
vt 0.938672 0.126901
vt 0.841045 0.533139
vt 0.841075 0.517755
vt 0.869068 0.625160
vt 0.842825 0.542887
vt 0.853112 0.627729
vt 0.848731 0.613059
vt 0.914146 0.714049
vt 0.878492 0.690657
vt 0.910425 0.718514
vt 0.881862 0.702156
vt 0.904505 0.721291
vt 0.885020 0.711971
vt 0.898176 0.721352
vt 0.891093 0.718499
vt 0.975677 0.383250
vt 0.993596 0.398688
vt 0.998231 0.405733
vt 0.992341 0.405939
vt 0.947805 0.375720
vt 0.985525 0.410134
vt 0.925353 0.373766
vt 0.980969 0.419514
vt 0.914146 0.377054
vt 0.979379 0.437768
vt 0.948969 0.447553
vt 0.969756 0.536969
vt 0.987192 0.533162
vt 0.987123 0.517800
vt 0.959228 0.625136
vt 0.985395 0.542918
vt 0.979585 0.613028
vt 0.975225 0.627685
vt 0.914146 0.714009
vt 0.949873 0.690586
vt 0.946506 0.702082
vt 0.917867 0.718475
vt 0.943350 0.711894
vt 0.923871 0.721206
vt 0.937279 0.718419
vt 0.930199 0.721269
vt 0.576521 0.645163
vt 0.578848 0.660391
vt 0.607755 0.664176
vt 0.453380 0.005572
vt 0.698166 0.002826
vt 0.281696 0.005582
vt 0.287887 0.015426
vt 0.027564 0.037661
vt 0.319283 0.857033
vt 0.332182 0.862542
vt 0.332182 0.878186
vt 0.306385 0.867168
vt 0.319283 0.888320
vt 0.306385 0.882811
vt 0.344684 0.857033
vt 0.344684 0.888408
vt 0.332182 0.878181
vt 0.332182 0.862493
vt 0.357186 0.867260
vt 0.357186 0.882948
vt 0.121340 0.649890
vt 0.130509 0.664547
vt 0.162139 0.645580
vt 0.159719 0.660797
vt 0.130623 0.943582
vt 0.128445 0.929938
vt 0.895000 0.919131
vt 0.875823 0.922751
vt 0.875823 0.888903
vt 0.895144 0.891584
vt 0.934007 0.894561
vt 0.942165 0.888903
vt 0.942165 0.937669
vt 0.932953 0.934288
vt 0.828483 0.896478
vt 0.827510 0.911913
vt 0.126267 0.943582
vt 0.856502 0.891584
vt 0.875823 0.888903
vt 0.875823 0.922751
vt 0.856647 0.919131
s 0
usemtl mat04
f 488/848/680 492/849/680 503/850/680 499/851/680
f 490/854/682 489/855/682 500/856/682 501/857/682
f 486/858/683 490/854/683 501/857/683 497/859/683
f 489/855/684 485/860/684 496/861/684 500/856/684
f 596/862/685 487/863/685 498/864/685 597/865/685
f 466/866/686 471/867/686 488/868/686 487/869/686
f 595/874/688 466/866/688 487/869/688 596/875/688
f 471/867/690 473/880/690 492/881/690 488/868/690
f 523/884/694 469/885/694 493/886/694 525/887/694
f 498/864/698 499/851/698 510/890/698 509/891/698
f 527/892/699 504/893/699 515/894/699 529/895/699
f 499/851/702 503/850/702 514/898/702 510/890/702
f 525/900/704 493/901/704 504/893/704 527/892/704
f 487/863/705 488/848/705 499/851/705 498/864/705
f 609/908/711 607/909/711 603/910/711 604/911/711
f 544/912/714 515/894/714 504/893/714 542/918/714
f 597/865/715 498/864/715 509/891/715 598/919/715
f 555/920/716 556/921/716 517/922/716 507/923/716
f 497/859/722 501/857/722 512/928/722
f 492/849/727 525/900/727 527/892/727 503/850/727
f 503/850/729 527/892/729 529/895/729 514/898/729
f 473/880/730 523/884/730 525/887/730 492/881/730
f 508/914/735 497/859/735 512/928/735 517/922/735
f 489/941/737 490/942/737 540/943/737 541/944/737
f 541/944/738 465/945/738 489/941/738
f 485/946/739 489/941/739 465/945/739
f 540/943/740 490/942/740 464/947/740
f 486/948/741 464/947/741 490/942/741
f 587/956/745 544/912/745 542/918/745 593/957/745
f 493/901/747 533/959/747 542/918/747 504/893/747
f 469/961/749 532/962/749 533/963/749 493/964/749
f 485/860/751 558/967/751 559/968/751 496/861/751
f 616/971/753 614/972/753 611/973/753 612/974/753
f 557/979/755 549/980/755 551/981/755 558/982/755
f 558/967/757 551/985/757 553/986/757 559/968/757
f 591/1004/779 533/1005/779 532/1006/779 592/1007/779
f 569/1008/780 576/1009/780 475/1002/781 506/1003/780
f 465/1010/782 557/979/782 558/982/782 485/1011/782
f 553/986/783 555/920/783 507/923/783 559/968/783
f 507/923/784 511/1012/784 496/861/784 559/968/784
f 496/861/785 511/1012/785 500/856/785
f 507/923/786 517/922/786 512/928/786 511/1012/786
f 500/856/787 511/1012/787 512/928/787 501/857/787
f 584/1018/796 582/1019/796 576/1009/796 569/1008/796
f 475/1020/797 576/1021/798 568/1022/798
f 569/1008/801 506/1003/801 522/937/801 572/1023/801
f 593/957/808 591/1034/808 582/1019/808 584/1018/808
f 576/1021/809 582/1035/809 583/1036/809 568/1022/809
f 572/1023/812 578/1037/812 584/1018/812 569/1008/812
f 542/918/813 533/959/813 591/1034/813 593/957/813
f 582/1035/817 591/1004/817 592/1007/817 583/1036/817
f 578/1037/820 587/956/820 593/957/820 584/1018/820
f 551/981/831 549/980/831 615/1047/831 616/1048/831
f 551/985/832 616/1049/832 612/1050/832 553/986/832
f 606/1052/839 605/1053/839 607/1054/839 608/1055/839
f 607/1054/840 605/1053/840 598/1056/840 603/1057/841
f 597/1058/842 598/1056/842 605/1053/842 611/973/842
f 596/875/843 597/1059/843 611/1060/843 614/1061/843
f 609/908/844 610/1062/844 608/1063/844 607/909/844
f 606/1064/845 608/1065/845 556/921/845 555/920/845
f 608/1065/846 610/1066/846 556/921/846
f 604/911/847 508/1067/847 609/908/847
f 609/908/848 508/1067/848 610/1062/848
f 517/922/849 556/921/849 610/1066/849 508/914/849
f 596/875/850 614/1061/850 613/1068/850 595/874/850
f 614/972/851 616/971/851 615/1069/851 613/1070/851
f 606/1052/852 612/974/852 611/973/852 605/1053/852
f 606/1064/853 555/920/853 553/986/853 612/1050/853
f 733/1177/929 744/1178/929 748/1179/929 737/1180/929
f 735/1183/931 746/1184/931 745/1185/931 734/1186/931
f 731/1187/932 742/1188/932 746/1184/932 735/1183/932
f 734/1186/933 745/1185/933 741/1189/933 730/1190/933
f 839/1191/934 840/1192/934 743/1193/934 732/1194/934
f 711/1195/935 732/1196/935 733/1197/935 716/1198/935
f 838/1203/937 839/1204/937 732/1196/937 711/1195/937
f 716/1198/939 733/1197/939 737/1209/939 718/1210/939
f 768/1213/943 770/1214/943 738/1215/943 714/1216/943
f 743/1193/947 754/1219/947 755/1220/947 744/1178/947
f 772/1221/948 774/1222/948 760/1223/948 749/1224/948
f 744/1178/951 755/1220/951 759/1227/951 748/1179/951
f 770/1229/953 772/1221/953 749/1224/953 738/1230/953
f 732/1194/954 743/1193/954 744/1178/954 733/1177/954
f 852/1237/960 847/1238/960 846/1239/960 850/1240/960
f 787/1241/963 785/1247/963 749/1224/963 760/1223/963
f 840/1192/964 841/1248/964 754/1219/964 743/1193/964
f 798/1249/965 752/1250/965 762/1251/965 799/1252/965
f 742/1188/969 757/1254/969 746/1184/969
f 737/1180/974 748/1179/974 772/1221/974 770/1229/974
f 748/1179/976 759/1227/976 774/1222/976 772/1221/976
f 718/1210/977 737/1209/977 770/1214/977 768/1213/977
f 753/1243/982 762/1251/982 757/1254/982 742/1188/982
f 540/943/984 735/1267/984 734/1268/984 541/944/984
f 541/944/985 734/1268/985 710/1269/985
f 730/1270/986 710/1271/986 734/1272/986
f 731/1273/987 735/1267/987 709/1274/987
f 830/1282/991 836/1283/991 785/1247/991 787/1241/991
f 738/1230/993 749/1224/993 785/1247/993 778/1285/993
f 714/1287/995 738/1288/995 778/1289/995 777/1290/995
f 730/1190/997 741/1189/997 802/1293/997 801/1294/997
f 859/1297/999 855/1298/999 854/1299/999 857/1300/999
f 800/1305/1001 801/1306/1001 794/1307/1001 792/1308/1001
f 801/1306/1003 802/1311/1003 796/1312/1003 794/1307/1003
f 834/1329/1025 835/1330/1025 777/1331/1025 778/1332/1025
f 812/1333/1026 751/1328/1026 720/1327/1027 819/1334/1026
f 710/1271/1028 730/1270/1028 801/1306/1028 800/1305/1028
f 796/1335/1029 802/1293/1029 752/1250/1029 798/1249/1029
f 752/1250/1030 802/1293/1030 741/1189/1030 756/1336/1030
f 741/1189/1031 745/1185/1031 756/1336/1031
f 752/1250/1032 756/1336/1032 757/1254/1032 762/1251/1032
f 745/1185/1033 746/1184/1033 757/1254/1033 756/1336/1033
f 827/1342/1043 812/1333/1043 819/1334/1043 825/1343/1043
f 720/1344/1044 811/1345/1045 819/1346/1045
f 812/1333/1048 815/1347/1048 767/1265/1048 751/1328/1048
f 836/1283/1055 827/1342/1055 825/1343/1055 834/1358/1055
f 819/1346/1056 811/1345/1056 826/1359/1056 825/1360/1056
f 815/1347/1059 812/1333/1059 827/1342/1059 821/1361/1059
f 785/1247/1060 836/1283/1060 834/1358/1060 778/1285/1060
f 825/1360/1064 826/1359/1064 835/1330/1064 834/1329/1064
f 821/1361/1067 827/1342/1067 836/1283/1067 830/1282/1067
f 794/1307/1077 859/1366/1077 858/1367/1077 792/1308/1077
f 794/1368/1078 796/1335/1078 855/1369/1078 859/1370/1078
f 849/1372/1084 851/1373/1084 850/1374/1084 848/1375/1084
f 850/1374/1085 846/1376/1085 841/1377/1085 848/1375/1085
f 840/1378/1086 854/1299/1086 848/1375/1086 841/1377/1086
f 839/1204/1087 857/1379/1087 854/1380/1087 840/1381/1087
f 852/1237/1088 850/1240/1088 851/1382/1088 853/1383/1088
f 849/1384/1089 798/1249/1089 799/1252/1089 851/1385/1089
f 851/1385/1090 799/1252/1090 853/1386/1090
f 847/1238/1091 852/1237/1091 753/1387/1091
f 852/1237/1092 853/1383/1092 753/1387/1092
f 762/1251/1093 753/1243/1093 853/1386/1093 799/1252/1093
f 839/1204/1094 838/1203/1094 856/1388/1094 857/1379/1094
f 857/1300/1095 856/1389/1095 858/1390/1095 859/1297/1095
f 849/1372/1096 848/1375/1096 854/1299/1096 855/1298/1096
f 849/1384/1097 855/1369/1097 796/1335/1097 798/1249/1097
f 592/1007/1150 532/1006/1150 777/1331/1150 835/1330/1150
f 471/867/1173 466/866/1173 711/1195/1173 716/1198/1173
f 466/866/1174 595/874/1174 838/1203/1174 711/1195/1174
f 613/1068/1175 856/1388/1175 838/1203/1175 595/874/1175
f 615/1069/1176 858/1390/1176 856/1389/1176 613/1070/1176
f 615/1047/1177 549/980/1177 792/1308/1177 858/1367/1177
f 549/980/1178 557/979/1178 800/1305/1178 792/1308/1178
f 557/979/1179 465/1010/1179 710/1271/1179 800/1305/1179
f 735/1267/1180 540/943/1180 709/1274/1180
f 540/943/1181 464/947/1181 709/1274/1181
f 541/1520/1182 710/1271/1182 465/1010/1182
f 475/1020/1293 568/1022/1294 811/1345/1294 720/1344/1295
f 568/1022/1296 583/1036/1296 826/1359/1296 811/1345/1296
f 583/1036/1297 592/1007/1297 835/1330/1297 826/1359/1297
usemtl mat05
f 491/844/678 564/845/679 566/846/678 502/847/678
f 526/852/681 491/844/681 502/847/681 528/853/681
f 538/870/687 464/871/687 486/872/687 560/873/687
f 524/876/689 472/877/689 491/878/689 526/879/689
f 472/877/691 470/882/692 564/883/693 491/878/691
f 677/888/695 564/883/696 676/889/697
f 502/847/700 566/846/700 562/896/701 513/897/700
f 528/853/703 502/847/703 513/897/703 530/899/703
f 560/873/706 486/872/706 497/902/706 561/903/706
f 519/904/707 510/890/708 514/898/708 521/905/709
f 531/906/710 529/895/710 515/894/710 520/907/710
f 544/912/712 545/913/712 520/907/712 515/894/712
f 508/914/713 554/915/713 552/916/713 561/917/713
f 530/899/717 531/906/717 520/907/717 516/924/717
f 562/896/718 519/904/719 521/905/720 513/897/719
f 513/897/723 521/905/724 531/906/723 530/899/723
f 521/905/725 514/898/726 529/895/726 531/906/726
f 505/929/728 528/853/728 530/899/728 516/924/728
f 468/930/731 524/876/731 526/879/731 494/931/731
f 494/932/732 526/852/732 528/853/732 505/929/732
f 505/933/733 546/934/733 547/935/733 494/931/733
f 570/936/734 522/937/734 495/938/734 571/939/734
f 468/930/736 494/931/736 547/935/736 539/940/736
f 573/949/742 575/950/742 474/951/742
f 574/952/743 474/953/743 575/954/743
f 516/924/744 520/907/744 545/913/744 543/955/744
f 587/956/746 594/958/746 545/913/746 544/912/746
f 505/929/748 516/924/748 543/955/748 546/960/748
f 589/965/750 546/960/750 543/955/750 586/966/750
f 601/969/752 552/916/752 554/915/752 602/970/752
f 600/975/754 550/976/754 552/977/754 601/978/754
f 599/983/756 548/984/756 550/976/756 600/975/756
f 550/1013/788 560/1014/788 561/917/788 552/916/788
f 548/984/789 538/870/789 560/873/789 550/976/789
f 561/917/790 497/859/790 508/914/790
f 510/890/791 519/904/791 518/1015/792 509/891/791
f 565/1016/793 567/1017/794 566/846/794 564/845/795
f 474/953/799 574/952/799 571/939/799 495/938/799
f 522/937/800 570/936/800 572/1023/800
f 580/1024/802 574/952/802 575/954/802 581/1025/802
f 579/1026/803 581/1027/803 575/950/803 573/949/803
f 585/1028/804 570/936/804 571/939/804 577/1029/804
f 594/958/805 585/1028/805 577/1029/805 586/966/805
f 588/1030/806 590/1031/806 581/1027/806 579/1026/806
f 589/1032/807 580/1033/807 581/1027/807 590/1031/807
f 574/952/810 580/1024/810 577/1029/810 571/939/810
f 572/1023/811 570/936/811 585/1028/811 578/1037/811
f 546/934/814 589/1032/814 590/1031/814 547/935/814
f 539/940/815 547/935/815 590/1031/815 588/1030/815
f 545/913/816 594/958/816 586/966/816 543/955/816
f 580/1024/818 589/965/818 586/966/818 577/1029/818
f 578/1037/819 585/1028/819 594/958/819 587/956/819
f 467/1038/821 599/983/822 600/975/822 565/1039/823
f 565/1016/824 600/1040/825 601/969/825 567/1017/825
f 567/1017/827 601/969/827 602/970/827 563/1045/828
f 509/891/829 518/1015/830 603/1046/829 598/919/829
f 508/914/833 604/1051/833 554/915/833
f 603/1046/834 602/970/835 604/1051/836
f 554/915/837 604/1051/837 602/970/838
f 566/846/865 567/1017/865 563/1045/866 562/896/865
f 562/896/880 563/1045/881 643/1108/882
f 562/896/884 643/1108/885 519/904/885
f 736/1173/927 747/1174/927 809/1175/927 807/1176/928
f 771/1181/930 773/1182/930 747/1174/930 736/1173/930
f 783/1199/936 803/1200/936 731/1201/936 709/1202/936
f 769/1205/938 771/1206/938 736/1207/938 717/1208/938
f 717/1208/940 736/1207/940 807/1211/941 715/1212/942
f 807/1211/944 808/1217/945 920/1218/946
f 747/1174/949 758/1225/949 805/1226/950 809/1175/949
f 773/1182/952 775/1228/952 758/1225/952 747/1174/952
f 803/1200/955 804/1231/955 742/1232/955 731/1201/955
f 764/1233/956 766/1234/957 759/1227/958 755/1220/958
f 776/1235/959 765/1236/959 760/1223/959 774/1222/959
f 787/1241/961 760/1223/961 765/1236/961 788/1242/961
f 753/1243/962 804/1244/962 795/1245/962 797/1246/962
f 775/1228/966 761/1253/966 765/1236/966 776/1235/966
f 805/1226/967 758/1225/967 766/1234/968 764/1233/967
f 758/1225/970 775/1228/970 776/1235/970 766/1234/971
f 766/1234/972 776/1235/973 774/1222/973 759/1227/973
f 750/1255/975 761/1253/975 775/1228/975 773/1182/975
f 713/1256/978 739/1257/978 771/1206/978 769/1205/978
f 739/1258/979 750/1255/979 773/1182/979 771/1181/979
f 750/1259/980 739/1257/980 790/1260/980 789/1261/980
f 813/1262/981 814/1263/981 740/1264/981 767/1265/981
f 713/1256/983 784/1266/983 790/1260/983 739/1257/983
f 816/1275/988 719/1276/988 818/1277/988
f 817/1278/989 818/1279/989 719/1280/989
f 761/1253/990 786/1281/990 788/1242/990 765/1236/990
f 830/1282/992 787/1241/992 788/1242/992 837/1284/992
f 750/1255/994 789/1286/994 786/1281/994 761/1253/994
f 832/1291/996 829/1292/996 786/1281/996 789/1286/996
f 844/1295/998 845/1296/998 797/1246/998 795/1245/998
f 843/1301/1000 844/1302/1000 795/1303/1000 793/1304/1000
f 842/1309/1002 843/1301/1002 793/1304/1002 791/1310/1002
f 793/1337/1034 795/1245/1034 804/1244/1034 803/1338/1034
f 791/1310/1035 793/1304/1035 803/1200/1035 783/1199/1035
f 804/1244/1036 753/1243/1036 742/1188/1036
f 755/1220/1037 754/1219/1037 763/1339/1038 764/1233/1039
f 808/1340/1040 807/1176/1041 809/1175/1042 810/1341/1042
f 719/1280/1046 740/1264/1046 814/1263/1046 817/1278/1046
f 767/1265/1047 815/1347/1047 813/1262/1047
f 823/1348/1049 824/1349/1049 818/1279/1049 817/1278/1049
f 822/1350/1050 816/1275/1050 818/1277/1050 824/1351/1050
f 828/1352/1051 820/1353/1051 814/1263/1051 813/1262/1051
f 837/1284/1052 829/1292/1052 820/1353/1052 828/1352/1052
f 831/1354/1053 822/1350/1053 824/1351/1053 833/1355/1053
f 832/1356/1054 833/1355/1054 824/1351/1054 823/1357/1054
f 817/1278/1057 814/1263/1057 820/1353/1057 823/1348/1057
f 815/1347/1058 821/1361/1058 828/1352/1058 813/1262/1058
f 789/1261/1061 790/1260/1061 833/1355/1061 832/1356/1061
f 784/1266/1062 831/1354/1062 833/1355/1062 790/1260/1062
f 788/1242/1063 786/1281/1063 829/1292/1063 837/1284/1063
f 823/1348/1065 820/1353/1065 829/1292/1065 832/1291/1065
f 821/1361/1066 830/1282/1066 837/1284/1066 828/1352/1066
f 712/1362/1068 808/1217/1069 843/1301/1070 842/1309/1070
f 808/1340/1071 810/1341/1072 844/1295/1072 843/1363/1072
f 810/1341/1073 806/1364/1074 845/1296/1073 844/1295/1073
f 754/1219/1075 841/1248/1075 846/1365/1075 763/1339/1076
f 753/1243/1079 797/1246/1079 847/1371/1079
f 846/1365/1080 847/1371/1080 845/1296/1081
f 797/1246/1082 845/1296/1083 847/1371/1082
f 809/1175/1110 805/1226/1111 806/1364/1112 810/1341/1110
f 464/871/1183 538/870/1183 783/1199/1183 709/1202/1183
f 538/870/1184 548/984/1184 791/1310/1184 783/1199/1184
f 548/984/1185 599/983/1185 842/1309/1185 791/1310/1185
f 599/983/1186 467/1038/1187 712/1362/1188 842/1309/1186
f 467/1038/1189 677/888/1190 920/1218/1191 712/1362/1192
f 676/889/1210 470/882/1211 715/1212/1212 919/1553/1213
f 470/882/1214 472/877/1215 717/1208/1215 715/1212/1216
f 472/877/1217 524/876/1217 769/1205/1217 717/1208/1217
f 468/930/1234 539/940/1234 784/1266/1234 713/1256/1234
f 539/940/1235 588/1030/1235 831/1354/1235 784/1266/1235
f 588/1030/1236 579/1026/1236 822/1350/1236 831/1354/1236
f 579/1026/1237 573/949/1237 816/1275/1237 822/1350/1237
f 573/949/1238 474/951/1238 719/1276/1238 816/1275/1238
f 677/888/1318 467/1038/1319 565/1039/1320
f 565/1039/1321 564/883/1322 677/888/1323
f 564/883/1324 470/882/1325 676/889/1326
f 642/1667/1327 519/904/1327 643/1108/1327
f 519/904/1328 642/1667/1328 518/1015/1329
f 642/1667/1330 627/1668/1330 518/1015/1331
f 518/1015/1332 627/1668/1333 603/1046/1333
f 626/1669/1333 603/1046/1334 627/1668/1333
f 603/1046/1347 626/1669/1348 602/970/1348
f 626/1669/1349 563/1045/1350 602/970/1349
f 563/1045/1351 626/1669/882 643/1108/882
f 808/1217/1352 712/1362/1353 920/1218/1354
f 920/1218/1355 919/1553/1356 807/1211/1357
f 919/1553/1358 715/1212/1359 807/1211/1360
f 764/1233/1375 886/1687/1375 805/1226/1375
f 805/1226/1376 886/1687/1377 806/1364/1378
f 886/1687/1377 869/1688/1377 806/1364/1379
f 886/1687/1380 764/1233/1380 885/1689/1380
f 764/1233/1381 763/1339/1382 885/1689/1381
f 763/1339/1383 870/1690/1384 885/1689/1384
f 870/1690/1385 763/1339/1386 846/1365/1385
f 869/1688/1387 845/1296/1387 806/1364/1388
f 846/1365/1389 845/1296/1389 869/1688/1389
f 870/1690/1385 846/1365/1385 869/1688/1385
usemtl mat06
f 631/925/721 643/926/721 625/927/721
f 534/987/758 622/988/759 482/989/760
f 481/990/761 477/991/762 534/987/763 537/992/761
f 536/993/764 484/994/765 623/995/766
f 483/996/767 474/953/767 617/997/767 480/998/767
f 620/999/768 619/1000/768 476/1001/769
f 475/1002/770 476/1001/771 506/1003/772
f 506/1003/773 476/1001/774 522/937/773
f 474/953/775 495/938/775 476/1001/776
f 522/937/777 476/1001/778 495/938/777
f 643/1041/826 631/1042/826 630/1043/826 642/1044/826
f 621/1071/854 620/999/854 476/1001/854
f 480/998/855 536/993/856 479/1072/857 483/996/855
f 474/953/858 476/1001/859 619/1000/858 617/997/858
f 621/1071/860 476/1001/861 475/1002/862 618/1073/860
f 475/1002/863 481/990/864 537/992/864 618/1073/864
f 631/925/867 625/927/867 628/1074/867 633/1075/867
f 625/1076/868 624/1077/868 629/1078/868 628/1079/868
f 631/1080/869 633/1081/869 632/1082/869 630/1083/869
f 624/1084/870 630/1085/870 632/1086/870 629/1087/870
f 633/1075/871 628/1074/871 634/1088/871 637/1089/871
f 628/1079/872 629/1078/872 635/1090/872 634/1091/872
f 629/1087/873 632/1086/873 636/1092/873 635/1093/873
f 633/1081/874 637/1094/874 636/1095/874 632/1082/874
f 634/1091/875 635/1090/875 639/1096/875 638/1097/875
f 637/1094/876 641/1098/876 640/1099/876 636/1095/876
f 635/1100/877 636/1101/877 640/1102/877 639/1103/877
f 637/1089/878 634/1088/878 638/1104/878 641/1105/878
f 640/1102/879 641/1106/879 638/1107/879 639/1103/879
f 642/1109/883 624/1084/883 627/1110/883
f 630/1085/886 624/1084/886 642/1109/886
f 718/1111/887 768/1112/887 889/1113/887
f 716/1114/888 718/1111/888 889/1113/888
f 673/1115/889 674/1116/889 675/1117/889 672/1118/889
f 672/1118/890 675/1117/890 667/1119/891 671/1120/890
f 671/1120/892 667/1119/893 670/1121/892
f 670/1121/894 667/1119/895 669/1122/894
f 669/1122/896 667/1119/897 668/1123/896
f 667/1119/898 666/1124/899 665/1125/899 668/1123/899
f 468/1126/900 665/1125/900 666/1124/900 524/1127/900
f 677/1128/901 676/1129/902 678/1130/903 679/1131/903
f 681/1132/904 683/1133/904 682/1134/904 680/1135/904
f 679/1131/905 678/1130/905 680/1135/905 682/1134/905
f 684/1136/906 683/1133/906 681/1132/906 687/1137/906
f 686/1138/907 685/1139/907 689/1140/907 688/1141/907
f 684/1136/908 687/1137/908 689/1140/908 685/1139/908
f 865/1313/1004 722/1314/1005 779/1315/1006
f 726/1316/1007 782/1317/1007 779/1315/1008 722/1314/1009
f 729/1318/1010 780/1319/1011 781/1320/1012
f 728/1321/1013 725/1322/1013 860/1323/1013 719/1280/1013
f 863/1324/1014 721/1325/1015 862/1326/1014
f 720/1327/1016 751/1328/1017 721/1325/1018
f 751/1328/1019 767/1265/1019 721/1325/1020
f 719/1280/1021 721/1325/1022 740/1264/1021
f 767/1265/1023 740/1264/1023 721/1325/1024
f 864/1391/1098 721/1325/1099 863/1324/1098
f 725/1322/1100 728/1321/1100 724/1392/1101 781/1320/1102
f 719/1280/1103 860/1323/1103 862/1326/1103 721/1325/1104
f 864/1391/1105 861/1393/1105 720/1327/1106 721/1325/1107
f 720/1327/1108 861/1393/1109 782/1317/1109 726/1316/1109
f 874/1394/1113 876/1395/1113 871/1396/1113 868/1397/1113
f 868/1398/1114 871/1399/1114 872/1400/1114 867/1401/1114
f 874/1402/1115 873/1403/1115 875/1404/1115 876/1405/1115
f 867/1406/1116 872/1407/1116 875/1408/1116 873/1409/1116
f 876/1395/1117 880/1410/1117 877/1411/1117 871/1396/1117
f 871/1399/1118 877/1412/1118 878/1413/1118 872/1400/1118
f 872/1407/1119 878/1414/1119 879/1415/1119 875/1408/1119
f 876/1405/1120 875/1404/1120 879/1416/1120 880/1417/1120
f 877/1412/1121 881/1418/1121 882/1419/1121 878/1413/1121
f 880/1417/1122 879/1416/1122 883/1420/1122 884/1421/1122
f 878/1422/1123 882/1423/1123 883/1424/1123 879/1425/1123
f 880/1410/1124 884/1105/1124 881/1426/1124 877/1411/1124
f 883/1424/1125 882/1423/1125 881/1427/1125 884/1428/1125
f 889/1113/1126 901/1429/1126 888/1430/1126 716/1114/1126
f 901/1429/1127 900/1431/1127 892/1432/1127 888/1430/1127
f 900/1431/1128 899/1433/1128 896/1434/1128 892/1432/1128
f 899/1433/1129 898/1435/1129 897/1436/1129 896/1434/1129
f 916/1437/1130 915/1438/1130 918/1439/1130 917/1440/1130
f 915/1438/1131 914/1441/1131 910/1442/1132 918/1439/1131
f 914/1441/1133 913/1443/1133 910/1442/1134
f 913/1443/1135 912/1444/1135 910/1442/1136
f 912/1444/1137 911/1445/1137 910/1442/1138
f 910/1442/1139 911/1445/1140 908/1446/1140 909/1447/1140
f 713/1448/1141 769/1449/1141 909/1447/1141 908/1446/1141
f 920/1450/1142 922/1451/1143 921/1452/1143 919/1453/1144
f 924/1454/1145 923/1455/1145 925/1456/1145 926/1457/1145
f 922/1451/1146 925/1456/1146 923/1455/1146 921/1452/1146
f 927/1458/1147 930/1459/1147 924/1454/1147 926/1457/1147
f 929/1460/1148 931/1461/1148 932/1462/1148 928/1463/1148
f 927/1458/1149 928/1463/1149 932/1462/1149 930/1459/1149
f 532/1464/1151 648/1465/1151 891/1466/1151 777/1467/1151
f 648/1465/1152 659/1468/1152 902/1469/1152 891/1466/1152
f 659/1470/1153 652/1471/1153 895/1472/1153 902/1473/1153
f 652/1471/1154 663/1474/1154 906/1475/1154 895/1472/1154
f 663/1474/1155 661/1476/1155 904/1477/1155 906/1475/1155
f 661/1476/1156 664/1478/1156 907/1479/1156 904/1477/1156
f 664/1478/1157 662/1480/1157 905/1481/1157 907/1479/1157
f 662/1480/1158 644/1482/1158 887/1483/1158 905/1481/1158
f 644/1482/1159 651/1484/1159 894/1485/1159 887/1483/1159
f 651/1486/1160 660/1487/1160 903/1488/1160 894/1489/1160
f 660/1487/1161 647/1490/1161 890/1491/1161 903/1488/1161
f 647/1490/1162 650/1492/1162 893/1493/1162 890/1491/1162
f 650/1492/1163 646/1494/1163 889/1495/1163 893/1493/1163
f 646/1494/1164 658/1496/1164 901/1497/1164 889/1495/1164
f 658/1498/1165 657/1499/1165 900/1500/1165 901/1501/1165
f 657/1499/1166 656/1502/1166 899/1503/1166 900/1500/1166
f 656/1502/1167 655/1504/1167 898/1505/1167 899/1503/1167
f 655/1506/1168 654/1507/1168 897/1508/1168 898/1509/1168
f 654/1507/1169 653/1510/1169 896/1511/1169 897/1508/1169
f 653/1510/1170 649/1512/1170 892/1513/1170 896/1511/1170
f 649/1514/1171 645/1515/1171 888/1516/1171 892/1517/1171
f 645/1515/1172 471/1518/1172 716/1519/1172 888/1516/1172
f 677/1521/1193 679/1522/1194 922/1523/1194 920/1524/1195
f 682/1525/1196 925/1526/1196 922/1523/1196 679/1522/1196
f 683/1527/1197 926/1528/1197 925/1526/1197 682/1525/1197
f 684/1529/1198 927/1530/1198 926/1528/1198 683/1527/1198
f 685/1531/1199 928/1532/1199 927/1533/1199 684/1534/1199
f 686/1535/1200 929/1536/1200 928/1532/1200 685/1531/1200
f 688/1537/1201 931/1538/1201 929/1539/1201 686/1540/1201
f 689/1541/1202 932/1542/1202 931/1538/1202 688/1537/1202
f 687/1543/1203 930/1544/1203 932/1542/1203 689/1541/1203
f 687/1543/1204 681/1545/1204 924/1546/1204 930/1544/1204
f 681/1545/1205 680/1547/1205 923/1548/1205 924/1546/1205
f 680/1547/1206 678/1549/1206 921/1550/1206 923/1548/1206
f 678/1549/1207 676/1551/1208 919/1552/1209 921/1550/1207
f 524/876/1218 666/1554/1218 909/1555/1218 769/1205/1218
f 666/1554/1219 667/1556/1220 910/1557/1221 909/1555/1219
f 675/1558/1222 918/1559/1222 910/1557/1223 667/1556/1224
f 675/1558/1225 674/1560/1225 917/1561/1225 918/1559/1225
f 674/1560/1226 673/1562/1226 916/1563/1226 917/1561/1226
f 673/1564/1227 672/1565/1227 915/1566/1227 916/1567/1227
f 672/1565/1228 671/1568/1228 914/1569/1228 915/1566/1228
f 671/1568/1229 670/1570/1229 913/1571/1229 914/1569/1229
f 670/1572/1230 669/1573/1230 912/1574/1230 913/1575/1230
f 669/1573/1231 668/1576/1231 911/1577/1231 912/1574/1231
f 668/1576/1232 665/1578/1232 908/1579/1232 911/1577/1232
f 665/1578/1233 468/1580/1233 713/1581/1233 908/1579/1233
f 474/1582/1239 483/1583/1239 728/1584/1239 719/1585/1239
f 483/1586/1240 479/1587/1241 724/1588/1242 728/1589/1240
f 623/1590/1243 866/1591/1244 724/1588/1245 479/1587/1246
f 484/1592/1247 729/1593/1248 866/1591/1249 623/1590/1250
f 535/1048/1251 780/1594/1252 729/1593/1253 484/1592/1254
f 536/1595/1255 781/1596/1256 780/1597/1257 535/1598/1258
f 480/1599/1259 725/1600/1259 781/1596/1260 536/1595/1261
f 480/1599/1262 617/1601/1262 860/1602/1262 725/1600/1262
f 617/1601/1263 619/1603/1263 862/1604/1263 860/1602/1263
f 619/1603/1264 620/1605/1264 863/1606/1264 862/1604/1264
f 621/1607/1265 864/1608/1265 863/1606/1265 620/1605/1265
f 621/1607/1266 618/1609/1266 861/1610/1266 864/1608/1266
f 618/1609/1267 537/1611/1267 782/1612/1267 861/1610/1267
f 537/1611/1268 534/1613/1269 779/1614/1270 782/1612/1268
f 534/1613/1271 478/1615/1272 723/1616/1273 779/1614/1274
f 478/1617/1275 482/1618/1276 727/1619/1277 723/1620/1278
f 482/1618/1279 622/1621/1280 865/1622/1281 727/1619/1282
f 622/1621/1283 477/1623/1284 722/1624/1285 865/1622/1286
f 477/1623/1287 481/1625/1288 726/1626/1288 722/1624/1289
f 481/1625/1290 475/1020/1291 720/1344/1292 726/1626/1290
f 768/1112/1298 890/1627/1298 893/1628/1298 889/1113/1298
f 768/1112/1299 714/1629/1299 903/1630/1299 890/1627/1299
f 714/1629/1300 887/1631/1300 894/1632/1300 903/1630/1300
f 714/1629/1301 777/1633/1301 905/1634/1301 887/1631/1301
f 777/1633/1302 891/1635/1302 907/1636/1302 905/1634/1302
f 891/1635/1303 902/1637/1303 904/1638/1303 907/1636/1303
f 902/1637/1304 895/1639/1304 906/1640/1304 904/1638/1304
f 653/1641/1305 654/1642/1305 655/1643/1305 656/1644/1305
f 649/1645/1306 653/1641/1306 656/1644/1306 657/1646/1306
f 645/1647/1307 649/1645/1307 657/1646/1307 658/1648/1307
f 471/1649/1308 645/1647/1308 658/1648/1308 646/1650/1308
f 473/1651/1309 471/1649/1309 646/1650/1309
f 473/1651/1310 646/1650/1310 523/1652/1310
f 647/1653/1311 523/1652/1311 646/1650/1311 650/1654/1311
f 469/1655/1312 523/1652/1312 647/1653/1312 660/1656/1312
f 660/1656/1313 651/1657/1313 644/1658/1313 469/1655/1313
f 532/1659/1314 469/1655/1314 644/1658/1314 662/1660/1314
f 662/1660/1315 664/1661/1315 648/1662/1315 532/1659/1315
f 664/1661/1316 661/1663/1316 659/1664/1316 648/1662/1316
f 661/1663/1317 663/1665/1317 652/1666/1317 659/1664/1317
f 482/989/1335 478/1670/1336 534/987/1337
f 534/987/1338 477/991/1339 622/988/1340
f 623/995/1341 479/1072/1342 536/993/1343
f 536/993/1344 535/1671/1345 484/994/1346
f 779/1315/1361 723/1672/1362 727/1673/1363
f 727/1673/1364 865/1313/1365 779/1315/1366
f 781/1320/1367 724/1392/1368 866/1674/1369
f 866/1674/1370 729/1318/1371 781/1320/1372
f 869/1691/1390 886/1692/1390 868/1397/1390
f 869/1693/1391 868/1694/1391 867/1695/1391 870/1696/1391
f 885/1697/1392 873/1698/1392 874/1699/1392 886/1700/1392
f 873/1409/1393 885/1701/1393 867/1406/1393
f 885/1701/1394 870/1702/1394 867/1406/1394
f 868/1397/1395 886/1692/1395 874/1394/1395
f 626/1703/1396 625/927/1396 643/926/1396
f 627/1704/1397 624/1705/1397 625/1706/1397 626/1707/1397
usemtl eyes02
f 445/811/660 457/812/660 448/813/660
f 446/814/661 445/811/661 448/813/661 449/815/661
f 447/816/662 446/817/662 449/818/662 450/819/662
f 449/815/663 448/813/663 451/820/663 452/821/663
f 450/822/664 449/815/664 452/821/664 453/823/664
f 448/813/665 457/812/665 451/820/665
f 452/821/666 451/820/666 454/824/666 455/825/666
f 453/823/667 452/821/667 455/825/667 456/826/667
f 451/820/668 457/812/668 454/824/668
f 455/825/669 454/824/669 458/827/669 459/828/669
f 456/829/670 455/830/670 459/831/670 460/832/670
f 454/824/671 457/812/671 458/827/671
f 460/833/672 459/834/672 462/835/672 463/836/672
f 458/827/673 457/812/673 461/837/673
f 459/834/674 458/838/674 461/839/674 462/835/674
f 463/840/675 462/841/675 446/817/675 447/816/675
f 461/837/676 457/812/676 445/811/676
f 462/841/677 461/842/677 445/843/677 446/817/677
f 690/1142/909 693/1143/909 702/1144/909
f 691/1145/910 694/1146/910 693/1143/910 690/1142/910
f 692/1147/911 695/1148/911 694/1149/911 691/1150/911
f 694/1146/912 697/1151/912 696/1152/912 693/1143/912
f 695/1153/913 698/1154/913 697/1151/913 694/1146/913
f 693/1143/914 696/1152/914 702/1144/914
f 697/1151/915 700/1155/915 699/1156/915 696/1152/915
f 698/1154/916 701/1157/916 700/1155/916 697/1151/916
f 696/1152/917 699/1156/917 702/1144/917
f 700/1155/918 704/1158/918 703/1159/918 699/1156/918
f 701/1160/919 705/1161/919 704/1162/919 700/1163/919
f 699/1156/920 703/1159/920 702/1144/920
f 705/1161/921 708/1164/921 707/1165/921 704/1162/921
f 703/1159/922 706/1166/922 702/1144/922
f 704/1162/923 707/1165/923 706/1167/923 703/1168/923
f 708/1169/924 692/1147/924 691/1150/924 707/1170/924
f 706/1166/925 690/1142/925 702/1144/925
f 707/1170/926 691/1150/926 690/1171/926 706/1172/926
f 456/1675/1373 460/1676/1373 463/1677/1373 453/1678/1373
f 447/1679/1373 450/1680/1373 453/1678/1373 463/1677/1373
f 701/1681/1374 692/1682/1374 708/1683/1374 705/1684/1374
f 692/1682/1374 701/1681/1374 698/1685/1374 695/1686/1374
o fish03
v 0.109248 0.321892 -1.086547
v 0.101183 0.311139 -1.096125
v 0.086592 0.303473 -1.094755
v 0.117796 0.312664 -1.069920
v 0.115988 0.295154 -1.067326
v 0.103688 0.285015 -1.061502
v 0.120272 0.324130 -1.052614
v 0.120277 0.315015 -1.037351
v 0.108640 0.307948 -1.026889
v 0.114199 0.344825 -1.051934
v 0.109760 0.350860 -1.036173
v 0.096496 0.349339 -1.025529
v 0.115455 0.334590 -1.070850
v 0.105652 0.354054 -1.068560
v 0.094954 0.366845 -1.064971
v 0.079400 0.367796 -1.058782
v 0.103176 0.342588 -1.085867
v 0.090666 0.346984 -1.094947
v 0.074448 0.344863 -1.093395
v -0.109248 0.321892 -1.086547
v -0.101183 0.311139 -1.096125
v -0.086592 0.303473 -1.094755
v -0.117796 0.312664 -1.069920
v -0.115988 0.295154 -1.067326
v -0.103688 0.285015 -1.061502
v -0.120272 0.324130 -1.052614
v -0.120277 0.315015 -1.037351
v -0.108640 0.307948 -1.026889
v -0.114199 0.344825 -1.051934
v -0.109760 0.350860 -1.036173
v -0.096496 0.349339 -1.025529
v -0.115455 0.334590 -1.070850
v -0.105652 0.354054 -1.068560
v -0.094954 0.366845 -1.064971
v -0.079400 0.367796 -1.058782
v -0.103176 0.342588 -1.085867
v -0.090666 0.346984 -1.094947
v -0.074448 0.344863 -1.093395
v 0.015593 0.063578 -1.198470
v 0.015593 0.252492 -1.262072
v 0.017126 0.719869 -0.752425
v 0.017126 0.098322 -0.703743
v 0.017126 0.208679 0.513323
v 0.017126 0.594180 0.513323
v 0.015426 0.096463 -0.369741
v 0.015426 0.806515 -0.512173
v 0.019770 0.099979 -0.069326
v 0.019770 0.802251 -0.128397
v 0.013075 0.254315 1.102633
v 0.022794 0.419922 1.094428
v 0.032361 0.334545 1.292683
v 0.026026 0.627084 1.408038
v 0.025171 0.031495 1.394656
v 0.032467 0.216645 1.526211
v 0.020380 0.483379 1.228240
v 0.018177 0.197868 1.208835
v 0.043466 0.261140 -1.234522
v 0.043466 0.080514 -1.179259
v 0.046802 0.111978 -0.360534
v 0.047741 0.118500 -0.681270
v 0.047741 0.710898 -0.733143
v 0.046802 0.788386 -0.511091
v 0.040120 0.174542 -1.266284
v 0.040120 0.124131 -1.250861
v 0.049320 0.114848 -0.055223
v 0.049320 0.782282 -0.122780
v 0.047741 0.588124 0.510825
v 0.047741 0.215119 0.510825
v 0.022963 0.297966 1.115703
v -0.026502 0.558253 1.475151
v 0.075103 0.321443 -1.133505
v 0.075103 0.094879 -1.064188
v 0.109811 0.176446 -0.362062
v 0.109223 0.171352 -0.654785
v 0.109223 0.602582 -0.682384
v 0.109811 0.665376 -0.470585
v 0.075103 0.207555 -1.182946
v 0.075103 0.145495 -1.163959
v 0.108664 0.172485 -0.050578
v 0.108664 0.683030 -0.107016
v 0.109223 0.525701 0.504713
v 0.109223 0.247876 0.505857
v 0.024453 0.391575 1.110054
v 0.112854 0.329451 -1.022038
v 0.112854 0.145715 -0.965823
v 0.157047 0.270375 -0.372444
v 0.155314 0.257287 -0.636744
v 0.155314 0.480867 -0.647412
v 0.157047 0.518412 -0.425120
v 0.112854 0.244777 -1.068423
v 0.112854 0.179324 -1.048398
v 0.153152 0.267734 -0.050687
v 0.153152 0.544478 -0.081089
v 0.146808 0.449078 0.500419
v 0.146454 0.294285 0.500139
v 0.135158 0.227293 -0.977027
v 0.179499 0.347039 -0.638268
v 0.181988 0.367008 -0.395304
v 0.163533 0.365821 0.499858
v 0.176495 0.395783 -0.068975
v 0.024564 0.346497 1.116392
v 0.020334 0.729262 0.137533
v 0.016519 0.122755 0.156984
v 0.047525 0.711294 0.139429
v 0.047525 0.133361 0.159944
v 0.117795 0.647084 0.148573
v 0.117795 0.186408 0.168088
v 0.170474 0.519678 0.162645
v 0.170474 0.281134 0.174201
v 0.194188 0.393690 0.166832
v 0.017126 0.476658 0.822723
v 0.023548 0.762842 0.176917
v -0.014089 0.075187 0.175984
v 0.044422 0.467750 0.819128
v -0.015593 0.063578 -1.198470
v -0.015593 0.252492 -1.262072
v -0.017126 0.719869 -0.752425
v -0.017126 0.098322 -0.703743
v -0.017126 0.208679 0.513323
v -0.017126 0.594180 0.513323
v -0.015426 0.096463 -0.369741
v -0.015426 0.806515 -0.512173
v -0.019770 0.099979 -0.069326
v -0.019770 0.802251 -0.128397
v -0.013075 0.254315 1.102633
v -0.022794 0.419922 1.094428
v -0.032361 0.334545 1.292683
v -0.026026 0.627084 1.408038
v -0.025171 0.031495 1.394656
v -0.032467 0.216645 1.526211
v -0.020380 0.483379 1.228240
v -0.018177 0.197868 1.208835
v -0.043466 0.261140 -1.234522
v -0.043466 0.080514 -1.179259
v -0.046802 0.111978 -0.360534
v -0.047741 0.118500 -0.681270
v -0.047741 0.710898 -0.733143
v -0.046802 0.788386 -0.511091
v -0.040120 0.174542 -1.266284
v -0.040120 0.124131 -1.250861
v -0.049320 0.114848 -0.055223
v -0.049320 0.782282 -0.122780
v -0.047741 0.588124 0.510825
v -0.047741 0.215119 0.510825
v -0.022963 0.297966 1.115703
v 0.026502 0.558253 1.475151
v -0.032467 0.339171 1.545261
v -0.075103 0.321443 -1.133505
v -0.075103 0.094879 -1.064188
v -0.109811 0.176446 -0.362062
v -0.109223 0.171352 -0.654785
v -0.109223 0.602582 -0.682384
v -0.109811 0.665376 -0.470585
v -0.075103 0.207555 -1.182946
v -0.075103 0.145495 -1.163959
v -0.108664 0.172485 -0.050578
v -0.108664 0.683030 -0.107016
v -0.109223 0.525701 0.504713
v -0.109223 0.247876 0.505857
v -0.024453 0.391575 1.110054
v 0.032467 0.339171 1.545261
v -0.032244 0.100443 1.476476
v 0.032244 0.100443 1.476476
v -0.032056 0.435884 1.527870
v 0.032056 0.435884 1.527870
v -0.112854 0.329451 -1.022038
v -0.112854 0.145715 -0.965823
v -0.157047 0.270375 -0.372444
v -0.155314 0.257287 -0.636744
v -0.155314 0.480867 -0.647412
v -0.157047 0.518412 -0.425120
v -0.112854 0.244777 -1.068423
v -0.112854 0.179324 -1.048398
v -0.153152 0.267734 -0.050687
v -0.153152 0.544478 -0.081089
v -0.146808 0.449078 0.500419
v -0.146454 0.294285 0.500139
v -0.135158 0.227293 -0.977027
v -0.179499 0.347039 -0.638268
v -0.181988 0.367008 -0.395304
v -0.163533 0.365821 0.499858
v -0.176495 0.395783 -0.068975
v -0.024564 0.346497 1.116392
v -0.020334 0.729262 0.137533
v -0.016519 0.122755 0.156984
v -0.047525 0.711294 0.139429
v -0.047525 0.133361 0.159944
v -0.117795 0.647084 0.148573
v -0.117795 0.186408 0.168088
v -0.170474 0.519678 0.162645
v -0.170474 0.281134 0.174201
v -0.194188 0.393690 0.166832
v 0.017126 0.238526 0.794339
v -0.021846 0.762842 0.176917
v 0.009746 0.075187 0.175984
v 0.001098 0.119683 -1.265400
v 0.000307 0.170130 -1.280706
v 0.083489 0.431524 0.812572
v 0.098839 0.304071 0.792165
v 0.100509 0.394597 0.805160
v 0.116188 0.344732 0.797797
v -0.017126 0.238526 0.794339
v -0.017126 0.476658 0.822723
v -0.071237 0.264562 0.788948
v -0.044422 0.467750 0.819128
v -0.083489 0.431524 0.812572
v -0.098839 0.304071 0.792165
v -0.100509 0.394597 0.805160
v -0.116188 0.344732 0.797797
v 0.071237 0.264562 0.788948
v 0.032433 0.241522 0.793504
v -0.032433 0.241522 0.793504
v -0.017126 0.505896 0.818736
v 0.017126 0.505896 0.818736
v 0.017126 0.525581 0.800784
v -0.017126 0.525581 0.800784
v 0.016705 0.573956 0.677354
v -0.016705 0.573956 0.677354
v 0.021148 0.649015 0.527342
v -0.021148 0.649015 0.527342
v -0.023237 0.770160 0.273867
v 0.024712 0.770160 0.273867
v -0.017126 0.082121 0.473362
v 0.017126 0.082121 0.473362
v -0.017126 0.172315 0.468275
v 0.017126 0.172315 0.468275
v -0.017126 0.124704 0.451262
v 0.017126 0.124704 0.451262
v -0.017126 0.029021 0.466251
v 0.017126 0.029021 0.466251
v -0.017126 -0.003952 0.380493
v 0.017126 -0.003952 0.380493
v -0.014089 0.025288 0.269004
v 0.009746 0.025288 0.269004
v 0.019969 0.717070 0.401984
v -0.019969 0.717070 0.401984
v 0.015593 0.034623 -0.891033
v 0.015593 0.490223 -1.028682
v 0.043466 0.050922 -0.868522
v 0.043466 0.490317 -1.004696
v 0.094397 0.105411 -0.855794
v 0.094397 0.442323 -0.962680
v 0.135487 0.167991 -0.853864
v 0.135487 0.376842 -0.914404
v 0.157047 0.272691 -0.879179
v -0.015593 0.034623 -0.891033
v -0.015593 0.490223 -1.028682
v -0.043466 0.050922 -0.868522
v -0.043466 0.490317 -1.004696
v -0.094397 0.105411 -0.855794
v -0.094397 0.442323 -0.962680
v -0.135487 0.167991 -0.853864
v -0.135487 0.376842 -0.914404
v -0.157047 0.272691 -0.879179
v 0.017126 0.609301 -0.881782
v 0.047741 0.604220 -0.860786
v 0.106453 0.532726 -0.831409
v 0.152065 0.444509 -0.799653
v -0.017126 0.609301 -0.881782
v -0.047741 0.604220 -0.860786
v -0.106453 0.532726 -0.831409
v -0.152065 0.444509 -0.799653
v 0.017126 0.043517 -0.813447
v 0.047741 0.071958 -0.795055
v 0.106453 0.145885 -0.773744
v 0.152065 0.220512 -0.769482
v 0.175998 0.317771 -0.781410
v -0.017126 0.043517 -0.813447
v -0.047741 0.071958 -0.795055
v -0.106453 0.145885 -0.773744
v -0.152065 0.220512 -0.769482
v -0.175998 0.317771 -0.781410
v 0.015020 0.885978 -0.441579
v 0.009977 0.963397 -0.151551
v -0.015020 0.885978 -0.441579
v -0.009977 0.963397 -0.151551
v 0.013520 0.960309 -0.326180
v -0.013520 0.960309 -0.326180
v 0.012173 0.990058 -0.222497
v -0.012173 0.990058 -0.222497
v 0.008792 0.916064 -0.134309
v -0.008792 0.916064 -0.134309
v 0.010801 0.880026 -0.138084
v -0.010801 0.880026 -0.138084
v 0.011959 0.841352 -0.134538
v -0.011959 0.841352 -0.134538
v 0.149357 0.176658 -0.581343
v 0.184593 0.233029 -0.582193
v -0.149357 0.176658 -0.581343
v -0.184593 0.233029 -0.582193
v 0.188219 0.133432 -0.621678
v 0.226219 0.201866 -0.623861
v -0.188219 0.133432 -0.621678
v -0.226219 0.201866 -0.623861
v 0.212069 0.169370 -0.332061
v 0.227002 0.205215 -0.332422
v 0.232488 0.155386 -0.354683
v 0.248045 0.187281 -0.358511
v -0.214611 0.171147 -0.332777
v -0.229257 0.205603 -0.333742
v -0.230764 0.156371 -0.354555
v -0.246560 0.187151 -0.359861
v 0.023203 0.622912 1.358779
v -0.023203 0.622912 1.358779
v 0.021674 0.047001 1.339846
v -0.021674 0.047001 1.339846
vn 0.9037 0.0786 -0.4210
vn 0.8375 -0.1637 -0.5214
vn 0.3344 -0.7405 -0.5829
vn 0.9914 -0.1123 -0.0674
vn 0.6885 -0.6460 0.3295
vn 0.9746 0.0954 -0.2027
vn 0.9482 0.2729 0.1626
vn 0.6078 0.1527 0.7793
vn 0.9549 0.2831 -0.0898
vn 0.7621 0.6466 -0.0329
vn 0.2099 0.8967 0.3898
vn 0.8675 0.4594 -0.1910
vn -0.1596 0.8333 -0.5293
vn 0.7940 0.4482 -0.4106
vn 0.5880 0.6330 -0.5035
vn -0.0958 0.0046 -0.9954
vn 0.8107 0.2552 -0.5270
vn 0.6213 0.2071 -0.7557
vn -0.9037 0.0786 -0.4210
vn -0.8375 -0.1637 -0.5214
vn -0.3344 -0.7405 -0.5829
vn -0.9914 -0.1123 -0.0674
vn -0.6885 -0.6460 0.3295
vn -0.9746 0.0954 -0.2027
vn -0.9482 0.2729 0.1626
vn -0.6078 0.1527 0.7793
vn -0.9549 0.2831 -0.0898
vn -0.7621 0.6466 -0.0329
vn -0.2099 0.8967 0.3898
vn -0.8675 0.4594 -0.1910
vn 0.1596 0.8333 -0.5293
vn -0.7940 0.4482 -0.4106
vn -0.5880 0.6330 -0.5035
vn 0.0958 0.0046 -0.9954
vn -0.8107 0.2552 -0.5270
vn -0.6213 0.2071 -0.7557
vn 0.7064 -0.7078 -0.0028
vn 0.8770 0.4805 -0.0090
vn 0.6461 -0.7619 0.0460
vn 0.9312 -0.1067 -0.3486
vn 0.8955 -0.3824 -0.2277
vn 0.9040 0.1475 -0.4013
vn 0.8504 0.4396 -0.2890
vn 0.4623 0.8364 -0.2943
vn 0.5532 -0.8293 -0.0785
vn 0.5144 0.6549 -0.5536
vn 0.3643 -0.9268 0.0908
vn 0.5297 0.8482 0.0067
vn 0.4449 -0.8956 0.0044
vn 0.3682 0.8783 0.3050
vn 0.5024 -0.8646 -0.0090
vn 0.9487 0.3068 -0.0760
vn 0.8874 -0.4609 0.0113
vn 0.9008 0.4059 0.1542
vn 0.8999 -0.4362 0.0026
vn 0.9529 0.3031 -0.0119
vn 0.8903 -0.4546 -0.0251
vn 0.9542 -0.0875 -0.2861
vn 0.6692 0.7020 0.2437
vn 0.6860 -0.7276 -0.0013
vn 0.8938 0.4269 -0.1373
vn 0.6859 -0.7258 -0.0521
vn 0.9672 -0.2538 0.0085
vn 0.9873 0.1590 0.0008
vn 0.9759 0.1904 0.1070
vn 0.9603 -0.2503 -0.1231
vn 0.9697 0.1173 -0.2142
vn 0.9587 0.2228 0.1769
vn 0.8421 -0.5365 -0.0553
vn 0.8904 0.4072 0.2035
vn 0.9228 0.3572 -0.1444
vn 0.9250 0.1651 -0.3421
vn 0.9108 -0.3748 -0.1731
vn 0.9611 0.1049 -0.2556
vn 0.9742 -0.2127 0.0761
vn 0.9783 -0.2061 0.0225
vn 0.9857 0.1658 -0.0294
vn 0.9544 -0.2764 -0.1125
vn 0.9652 -0.0765 -0.2502
vn 0.9776 -0.1986 -0.0694
vn 0.9843 0.1649 -0.0626
vn 0.7691 0.6280 0.1188
vn 0.8389 -0.5347 0.1013
vn 0.9396 0.3421 -0.0082
vn 0.5206 0.8234 0.2257
vn 0.2584 -0.9400 0.2226
vn 0.5340 -0.8265 0.1784
vn -0.0000 0.8943 0.4475
vn -0.9438 -0.2966 0.1462
vn -0.7064 -0.7078 -0.0028
vn -0.8770 0.4805 -0.0090
vn -0.6461 -0.7619 0.0460
vn -0.9312 -0.1067 -0.3486
vn -0.8955 -0.3824 -0.2277
vn -0.9040 0.1475 -0.4013
vn -0.8504 0.4396 -0.2890
vn -0.4623 0.8364 -0.2943
vn 0.4912 -0.8638 0.1121
vn -0.5532 -0.8293 -0.0785
vn -0.5144 0.6549 -0.5536
vn -0.3643 -0.9268 0.0908
vn -0.5297 0.8482 0.0067
vn -0.4449 -0.8956 0.0044
vn -0.3682 0.8783 0.3050
vn -0.5024 -0.8646 -0.0090
vn -0.9487 0.3068 -0.0760
vn -0.0000 0.3957 0.9184
vn -0.8874 -0.4609 0.0113
vn -0.9008 0.4059 0.1542
vn -0.8999 -0.4362 0.0026
vn -0.9529 0.3031 -0.0119
vn -0.8903 -0.4546 -0.0251
vn -0.9542 -0.0875 -0.2861
vn -0.6692 0.7020 0.2437
vn -0.6860 -0.7276 -0.0013
vn -0.8938 0.4269 -0.1373
vn -0.6859 -0.7258 -0.0521
vn 0.9447 -0.2181 0.2449
vn -0.9672 -0.2538 0.0085
vn -0.9873 0.1590 0.0008
vn -0.9759 0.1904 0.1070
vn -0.9603 -0.2503 -0.1231
vn -0.9697 0.1173 -0.2142
vn -0.9587 0.2228 0.1769
vn -0.8421 -0.5365 -0.0553
vn -0.8904 0.4072 0.2035
vn -0.9228 0.3572 -0.1444
vn -0.9250 0.1651 -0.3421
vn -0.9108 -0.3748 -0.1731
vn -0.9611 0.1049 -0.2556
vn -0.9742 -0.2127 0.0761
vn -0.9783 -0.2061 0.0225
vn -0.9857 0.1658 -0.0294
vn -0.9544 -0.2764 -0.1125
vn -0.9652 -0.0765 -0.2502
vn -0.0000 -0.1536 0.9881
vn -0.0000 -0.3935 0.9193
vn -0.9776 -0.1986 -0.0694
vn -0.9843 0.1649 -0.0626
vn -0.7691 0.6280 0.1188
vn -0.8389 -0.5347 0.1013
vn -0.9396 0.3421 -0.0082
vn -0.5206 0.8234 0.2257
vn -0.2584 -0.9400 0.2226
vn -0.5340 -0.8265 0.1784
vn -0.0000 -0.3709 -0.9287
vn -0.0000 0.9789 0.2044
vn -0.2074 -0.9729 0.1027
vn -0.4912 -0.8638 0.1121
vn -0.0000 0.7006 -0.7136
vn -0.0000 -0.8946 0.4469
vn -0.9008 0.3694 0.2284
vn -0.0000 0.9310 0.3649
vn -0.0000 -0.9999 0.0117
vn -0.0000 -0.9950 0.1001
vn -0.0000 -0.9987 0.0511
vn -0.0000 -0.8830 -0.4693
vn -0.0000 -0.9622 -0.2722
vn -0.0000 0.6832 -0.7303
vn -0.0000 0.9035 -0.4285
vn 0.2074 -0.9729 0.1027
vn -0.0000 0.7609 -0.6488
vn -0.0000 0.9643 0.2647
vn -0.0000 0.1552 0.9879
vn -0.0000 -0.7664 -0.6424
vn -0.3057 -0.6908 -0.6553
vn -0.6634 -0.6249 -0.4116
vn 0.3586 -0.2695 -0.8937
vn -0.3478 -0.2757 -0.8961
vn -0.6432 0.2416 -0.7266
vn -0.3175 0.1505 -0.9362
vn -0.0000 0.2207 -0.9754
vn 0.3217 0.1517 -0.9346
vn 0.6432 0.2416 -0.7266
vn 0.3203 -0.6907 -0.6483
vn 0.6634 -0.6249 -0.4116
vn 0.1946 -0.9795 0.0527
vn -0.1946 -0.9795 0.0527
vn 0.5152 -0.8544 0.0676
vn -0.9538 0.1558 0.2568
vn -0.7918 -0.5933 0.1452
vn -0.6919 0.6711 0.2663
vn -0.2687 0.8984 0.3474
vn -0.5152 -0.8544 0.0676
vn 0.9438 -0.2966 0.1462
vn 0.9008 0.3694 0.2284
vn 0.9538 0.1558 0.2568
vn 0.6919 0.6711 0.2663
vn 0.7918 -0.5933 0.1452
vn 0.2687 0.8984 0.3474
vn 0.8843 -0.4329 0.1749
vn -0.0000 0.9972 -0.0753
vn -0.0000 -0.3365 0.9417
vn -0.0000 -0.1327 0.9912
vn -0.0000 -0.9334 0.3589
vn -0.0000 -0.8812 -0.4727
vn -0.0000 -0.9673 -0.2537
vn -0.0000 0.4606 0.8876
vn -0.0000 0.8788 0.4771
vn -0.0000 -0.9956 -0.0938
vn -0.0000 0.7768 -0.6297
vn -0.9629 0.1358 -0.2330
vn -0.8908 0.3169 -0.3256
vn -0.8320 -0.5327 0.1545
vn -0.9708 -0.2308 -0.0657
vn -0.7219 -0.6661 0.1876
vn -0.4791 0.6182 -0.6231
vn -0.5356 -0.8321 0.1443
vn -0.7343 0.4933 -0.4663
vn 0.9629 0.1358 -0.2330
vn 0.8908 0.3169 -0.3256
vn 0.8320 -0.5327 0.1545
vn 0.9708 -0.2308 -0.0657
vn 0.7219 -0.6661 0.1876
vn 0.4791 0.6182 -0.6231
vn 0.5356 -0.8321 0.1443
vn 0.7343 0.4933 -0.4663
vn -0.0000 0.1770 0.9842
vn -0.9961 -0.0715 -0.0520
vn -0.9961 -0.0714 -0.0523
vn 1.0000 0.0042 -0.0005
vn -0.9973 0.0699 -0.0239
vn 0.9973 0.0699 -0.0239
vn 0.9972 0.0700 -0.0244
vn 0.9995 -0.0308 -0.0084
vn 0.9961 -0.0715 -0.0520
vn 0.9987 0.0418 -0.0302
vn 0.9990 -0.0038 -0.0444
vn 0.9990 -0.0039 -0.0449
vn 0.9757 -0.2191 -0.0065
vn 0.9756 -0.2194 -0.0069
vn 0.9984 -0.0323 -0.0463
vn -0.3269 0.9264 0.1866
vn -0.8163 0.5426 0.1981
vn -0.9447 -0.2181 0.2449
vn -0.8843 -0.4329 0.1749
vn 0.3269 0.9264 0.1866
vn 0.8163 0.5426 0.1981
vn -0.9987 0.0418 -0.0302
vn -0.9986 0.0423 -0.0302
vn -0.9990 -0.0038 -0.0444
vn -0.9990 -0.0033 -0.0445
vn -0.9757 -0.2191 -0.0065
vn -0.9984 -0.0323 -0.0463
vn 0.4085 -0.8313 0.3770
vn 0.6678 -0.7133 0.2127
vn 0.9685 -0.2466 0.0353
vn 0.5010 -0.8302 0.2445
vn 0.9827 0.1750 -0.0613
vn -0.4085 -0.8313 0.3770
vn -0.6678 -0.7133 0.2127
vn -0.9685 -0.2466 0.0353
vn -0.7732 -0.4453 -0.4515
vn -0.9827 0.1750 -0.0613
vn -0.0000 0.7602 -0.6497
vn -0.0000 -0.9935 0.1139
vn -0.8870 0.3346 -0.3182
vn -0.4833 0.6785 -0.5532
vn -0.7817 0.4777 -0.4010
vn 0.8870 0.3346 -0.3182
vn 0.4833 0.6785 -0.5532
vn 0.7817 0.4777 -0.4010
vn 0.9997 0.0125 0.0213
vn 0.9998 0.0111 0.0192
vn 0.9996 -0.0211 0.0207
vn -0.0000 0.8407 -0.5415
vn -0.0026 0.8407 -0.5414
vn 0.0018 0.8417 -0.5400
vn -0.0000 0.3423 0.9396
vn -0.0000 0.9612 -0.2758
vn -0.0000 0.9361 0.3518
vn -0.0000 -0.1042 0.9946
vn -0.0000 0.0913 0.9958
vn -0.9996 -0.0211 0.0207
vn -0.9997 0.0117 0.0217
vn -0.9998 0.0111 0.0192
vn -0.0000 0.6642 -0.7476
vn 0.0019 0.6628 -0.7488
vn -0.0001 0.6622 -0.7493
vn 0.9999 0.0070 0.0110
vn 0.9999 0.0068 0.0136
vn 0.9809 0.1945 -0.0089
vn -0.9999 0.0070 0.0110
vn -0.9999 0.0046 0.0119
vn -0.9809 0.1945 -0.0089
vn -0.0000 0.9238 0.3828
vn -0.0000 0.6738 0.7389
vn -0.0000 0.1351 0.9908
vn -1.0000 -0.0017 -0.0038
vn 0.9955 -0.0949 -0.0035
vn 0.9984 0.0411 -0.0381
vn 0.9993 -0.0300 -0.0241
vn 0.9975 -0.0710 -0.0016
vn 1.0000 0.0030 -0.0024
vn -0.9997 0.0170 -0.0157
vn -0.9999 -0.0124 -0.0099
vn -0.9997 -0.0256 -0.0019
vn -1.0000 0.0030 -0.0024
vn 1.0000 0.0001 -0.0004
vn -1.0000 0.0042 -0.0005
vn -1.0000 0.0037 -0.0003
vn -1.0000 0.0001 -0.0004
vn -0.0000 0.6981 0.7160
vn -0.0000 -0.7647 0.6444
vn -0.9995 -0.0308 -0.0084
vn -0.9983 -0.0588 -0.0036
vn -0.9997 -0.0240 -0.0004
vn -0.6016 -0.7851 0.1470
vn -0.8720 -0.4800 -0.0958
vn 0.7841 0.3898 0.4830
vn 0.6258 0.7635 -0.1597
vn -0.6258 0.7635 -0.1597
vn 0.7732 -0.4453 -0.4515
vn -0.7841 0.3898 0.4830
vn -0.5010 -0.8302 0.2445
vn 0.6511 -0.2487 0.7171
vn -0.8570 0.4690 0.2135
vn 0.6094 0.7928 -0.0107
vn 0.8750 -0.4732 -0.1021
vn -0.6970 -0.2610 0.6679
vn -0.6327 0.7742 -0.0166
vn 0.8532 0.4730 0.2200
vn 0.6272 -0.7629 0.1569
vn -0.0000 0.9407 -0.3393
vn -0.0000 -1.0000 -0.0056
vn -0.0000 -0.9944 0.1056
vn -0.0000 -0.7781 0.6281
vn -0.0000 0.9964 -0.0844
vn -0.0000 -0.6557 -0.7550
vn 1.0000 -0.0017 -0.0038
vn 0.9997 -0.0240 -0.0004
vn 0.9996 -0.0023 -0.0296
vn 0.9989 0.0307 -0.0341
vn -0.9974 -0.0308 -0.0651
vn -0.9988 0.0178 -0.0460
vn 0.9974 -0.0308 -0.0651
vn 0.9988 0.0178 -0.0460
vn -0.9996 -0.0023 -0.0296
vn -0.9989 0.0307 -0.0341
vn 0.9084 -0.2768 0.3134
vn -0.9084 -0.2768 0.3134
vt 0.986086 0.748417
vt 0.985563 0.741355
vt 0.993504 0.745245
vt 0.987152 0.753245
vt 1.000000 0.747751
vt 0.975745 0.671068
vt 0.982533 0.670686
vt 0.983727 0.681668
vt 0.977124 0.683750
vt 0.993504 0.737889
vt 1.000000 0.735010
vt 0.966451 0.816318
vt 0.960092 0.816696
vt 0.960092 0.805101
vt 0.966451 0.802929
vt 0.986086 0.733704
vt 0.987152 0.727761
vt 0.969902 0.653276
vt 0.964376 0.651840
vt 0.964376 0.638582
vt 0.969902 0.637967
vt 0.978668 0.736876
vt 0.974765 0.733255
vt 0.977013 0.753245
vt 0.983588 0.754674
vt 0.981242 0.761132
vt 0.974303 0.760703
vt 0.983588 0.773866
vt 0.977013 0.775406
vt 0.978668 0.744232
vt 0.974303 0.745997
vt 0.977124 0.657466
vt 0.983727 0.658905
vt 0.983411 0.797599
vt 0.975734 0.796437
vt 0.981422 0.790473
vt 0.983813 0.802929
vt 0.970516 0.800917
vt 0.983680 0.697370
vt 0.982350 0.710033
vt 0.975744 0.707951
vt 0.976897 0.696985
vt 0.965510 0.788781
vt 0.972844 0.789430
vt 0.965872 0.802929
vt 0.960092 0.788915
vt 0.973801 0.778656
vt 0.977631 0.783585
vt 0.966451 0.818238
vt 0.966451 0.802929
vt 0.971977 0.803543
vt 0.971977 0.816801
vt 0.987098 0.780668
vt 0.985308 0.784747
vt 0.982424 0.026649
vt 0.990544 0.034023
vt 0.984080 0.035448
vt 0.977048 0.029062
vt 0.990544 0.048896
vt 0.984080 0.048329
vt 0.988198 0.791753
vt 0.978715 0.045884
vt 0.978715 0.038447
vt 0.982350 0.683750
vt 0.975744 0.685189
vt 0.977048 0.054824
vt 0.974655 0.049634
vt 0.745577 0.451339
vt 0.746963 0.559765
vt 0.715020 0.559041
vt 0.715806 0.448578
vt 0.294772 0.266712
vt 0.294960 0.404745
vt 0.250573 0.411957
vt 0.240594 0.282864
vt 0.744343 0.374464
vt 0.710650 0.370659
vt 0.017564 0.005623
vt 0.038109 0.000000
vt 0.049991 0.030298
vt 0.024699 0.037220
vt 0.000000 0.031261
vt 0.004690 0.072811
vt 0.073613 0.011114
vt 0.097025 0.047540
vt 0.216673 0.143016
vt 0.261326 0.188062
vt 0.213344 0.207780
vt 0.183802 0.154971
vt 0.866255 0.638648
vt 0.868066 0.548471
vt 0.879750 0.552148
vt 0.877934 0.633811
vt 0.767582 0.749892
vt 0.764693 0.858248
vt 0.751745 0.851176
vt 0.754699 0.741665
vt 0.860789 0.698407
vt 0.872696 0.692327
vt 0.757898 0.375579
vt 0.758986 0.456532
vt 0.304218 0.265573
vt 0.305009 0.402031
vt 0.761171 0.563225
vt 0.859846 0.365433
vt 0.853228 0.262067
vt 0.862648 0.265485
vt 0.867047 0.369674
vt 0.760384 0.681739
vt 0.746000 0.673442
vt 0.177655 0.300492
vt 0.160748 0.221583
vt 0.041033 0.322809
vt 0.057761 0.260279
vt 0.069206 0.226009
vt 0.076399 0.319911
vt 0.237131 0.503070
vt 0.190559 0.629752
vt 0.156702 0.629286
vt 0.181624 0.509611
vt 0.041771 0.433459
vt 0.077931 0.434146
vt 0.191115 0.422558
vt 0.048494 0.511312
vt 0.083956 0.514394
vt 0.063649 0.071726
vt 0.036974 0.079026
vt 0.267912 0.498065
vt 0.220152 0.630370
vt 0.715855 0.663071
vt 0.737522 0.810173
vt 0.728631 0.736061
vt 0.114220 0.312074
vt 0.104413 0.225754
vt 0.128763 0.427807
vt 0.128496 0.511987
vt 0.121500 0.629698
vt 0.073625 0.139871
vt 0.032298 0.148680
vt 0.023808 0.108459
vt 0.055716 0.104746
vt 0.098688 0.087965
vt 0.139603 0.736673
vt 0.118102 0.734550
vt 0.009291 0.147251
vt 0.155888 0.738820
vt 0.144941 0.167525
vt 0.117439 0.126578
vt 0.093290 0.629618
vt 0.076717 0.630948
vt 0.277016 0.496731
vt 0.748748 0.246828
vt 0.735779 0.247758
vt 0.707703 0.249083
vt 0.915105 0.798977
vt 0.928424 0.801774
vt 0.930068 0.834065
vt 0.913206 0.830524
vt 0.578277 0.628910
vt 0.574902 0.732511
vt 0.557427 0.734466
vt 0.548079 0.628639
vt 0.658211 0.431332
vt 0.632146 0.433134
vt 0.628247 0.336422
vt 0.660668 0.322661
vt 0.381770 0.266444
vt 0.430068 0.281735
vt 0.421417 0.411061
vt 0.382702 0.404691
vt 0.649801 0.507831
vt 0.625207 0.510965
vt 0.659326 0.005686
vt 0.648848 0.036752
vt 0.623279 0.029753
vt 0.638557 0.000000
vt 0.676947 0.031361
vt 0.669377 0.072460
vt 0.576033 0.046907
vt 0.602528 0.010989
vt 0.459175 0.142702
vt 0.486392 0.153805
vt 0.456850 0.206592
vt 0.414606 0.187718
vt 0.852220 0.637965
vt 0.838809 0.631908
vt 0.841395 0.550282
vt 0.855424 0.547856
vt 0.721189 0.147895
vt 0.739152 0.146617
vt 0.780120 0.749674
vt 0.789648 0.741058
vt 0.786694 0.850568
vt 0.777231 0.858030
vt 0.846754 0.697725
vt 0.833571 0.690423
vt 0.771179 0.375348
vt 0.782556 0.373800
vt 0.785233 0.450649
vt 0.774882 0.456256
vt 0.835155 0.433859
vt 0.848611 0.432425
vt 0.784595 0.559111
vt 0.773574 0.563009
vt 0.840413 0.365545
vt 0.828098 0.367780
vt 0.815526 0.278346
vt 0.828427 0.277072
vt 0.784387 0.672775
vt 0.774154 0.681500
vt 0.492576 0.216872
vt 0.472724 0.315875
vt 0.950336 0.467814
vt 0.952640 0.423283
vt 0.974631 0.423283
vt 0.976936 0.467814
vt 0.581841 0.346819
vt 0.571730 0.289410
vt 0.628572 0.280104
vt 0.434941 0.502228
vt 0.485546 0.508063
vt 0.514306 0.628410
vt 0.484045 0.629404
vt 0.591117 0.433004
vt 0.476889 0.421107
vt 0.584063 0.513104
vt 0.633005 0.077989
vt 0.606038 0.070607
vt 0.411090 0.498282
vt 0.460543 0.630950
vt 0.670892 0.282215
vt 0.687977 0.142074
vt 0.663497 0.146712
vt 0.127080 0.845684
vt 0.107291 0.845541
vt 0.102518 0.732276
vt 0.530810 0.343835
vt 0.529347 0.226171
vt 0.537402 0.426144
vt 0.536693 0.510192
vt 0.592113 0.138132
vt 0.612071 0.103345
vt 0.646574 0.107510
vt 0.636086 0.147414
vt 0.570874 0.086787
vt 0.537385 0.736794
vt 0.522740 0.739182
vt 0.521002 0.165737
vt 0.550027 0.125054
vt 0.950165 0.545711
vt 0.950165 0.502532
vt 0.977106 0.502532
vt 0.977106 0.545711
vt 0.977014 0.586041
vt 0.950257 0.586041
vt 0.598832 0.630891
vt 0.762518 0.246589
vt 0.774166 0.247091
vt 0.795525 0.247558
vt 0.805364 0.369014
vt 0.983967 0.087076
vt 0.974077 0.087076
vt 0.973075 0.068906
vt 0.986782 0.068906
vt 0.826432 0.134500
vt 0.831109 0.206033
vt 0.817074 0.205351
vt 0.807752 0.133592
vt 0.759383 0.146053
vt 0.765230 0.146164
vt 0.778468 0.146900
vt 0.854316 0.763748
vt 0.842008 0.878698
vt 0.829229 0.878076
vt 0.841537 0.763126
vt 0.766034 0.722129
vt 0.779804 0.721889
vt 0.540322 0.844847
vt 0.916413 0.770359
vt 0.930068 0.773227
vt 0.745613 0.146293
vt 0.745542 0.036420
vt 0.756055 0.036237
vt 0.749252 0.000254
vt 0.763868 0.000000
vt 0.953061 0.636516
vt 0.955826 0.617645
vt 0.975974 0.619330
vt 0.970410 0.637967
vt 0.836302 0.016666
vt 0.827841 0.082127
vt 0.811139 0.081315
vt 0.817286 0.015741
vt 0.852978 0.346396
vt 0.841452 0.347337
vt 0.864813 0.433213
vt 0.973075 0.126641
vt 0.956670 0.126641
vt 0.959910 0.112622
vt 0.969834 0.112622
vt 0.889968 0.840638
vt 0.896832 0.812107
vt 0.902908 0.840632
vt 0.879750 0.813016
vt 0.685067 0.024414
vt 0.913042 0.794496
vt 0.913042 0.813002
vt 0.896504 0.793609
vt 0.879750 0.794511
vt 0.818019 0.867571
vt 0.814246 0.893394
vt 0.889961 0.770365
vt 0.902901 0.770359
vt 0.071666 0.000726
vt 0.748635 0.875412
vt 0.558919 0.847278
vt 0.592277 0.731346
vt 0.509217 0.741129
vt 0.805364 0.207555
vt 0.145513 0.843302
vt 0.173303 0.740172
vt 0.687977 0.250144
vt 0.706040 0.145900
vt 0.841768 0.209326
vt 0.089945 0.840800
vt 0.088086 0.730627
vt 0.840147 0.316606
vt 0.852720 0.315716
vt 0.974303 0.727761
vt 0.973688 0.744197
vt 0.960092 0.744351
vt 0.960092 0.727761
vt 0.974303 0.759921
vt 0.974303 0.778656
vt 0.960092 0.778656
vt 0.960092 0.759921
vt 0.973862 0.657718
vt 0.975745 0.689125
vt 0.961975 0.688873
vt 0.960092 0.657466
vt 0.984044 0.117787
vt 0.974155 0.117787
vt 0.969674 0.727761
vt 0.960092 0.727585
vt 0.992204 0.026649
vt 0.974655 0.026649
vt 0.975144 0.000000
vt 0.991715 0.000000
vt 0.572397 0.172874
vt 0.524704 0.107359
vt 0.646004 0.175834
vt 0.613437 0.177347
vt 0.678841 0.168167
vt 0.829824 0.755294
vt 0.789190 0.714394
vt 0.807659 0.825128
vt 0.805364 0.750512
vt 0.091594 0.174903
vt 0.146570 0.108320
vt 0.719612 0.705950
vt 0.705693 0.734006
vt 0.693619 0.702780
vt 0.053370 0.178881
vt 0.750804 0.715061
vt 0.865445 0.757027
vt 0.853641 0.869304
vt 0.169216 0.092115
vt 0.620214 0.880719
vt 0.610696 0.993696
vt 0.562885 0.910119
vt 0.597492 0.842668
vt 0.166249 0.991788
vt 0.126718 0.998251
vt 0.122974 0.908525
vt 0.520120 0.993432
vt 0.502089 0.886529
vt 0.528733 0.839164
vt 0.157121 0.837632
vt 0.184264 0.884939
vt 0.919832 0.398423
vt 0.948120 0.487179
vt 0.939592 0.537059
vt 0.916630 0.538666
vt 0.067264 0.878806
vt 0.076368 0.991831
vt 0.579034 0.847212
vt 0.943581 0.657466
vt 0.960092 0.697999
vt 0.954533 0.727280
vt 0.930068 0.717976
vt 0.633327 0.215383
vt 0.610465 0.217996
vt 0.506952 0.091898
vt 0.337326 0.290419
vt 0.368731 0.331174
vt 0.352314 0.399361
vt 0.337389 0.398168
vt 0.371508 0.393128
vt 0.381770 0.367896
vt 0.874813 0.463475
vt 0.872105 0.512284
vt 0.859797 0.511686
vt 0.863733 0.462936
vt 0.961224 0.086069
vt 0.960733 0.068906
vt 0.969012 0.068906
vt 0.968520 0.086069
vt 0.874877 0.426525
vt 0.864901 0.426039
vt 0.871392 0.409982
vt 0.863216 0.409584
vt 0.960391 0.098805
vt 0.969353 0.098805
vt 0.890553 0.127666
vt 0.879750 0.102318
vt 0.892423 0.065547
vt 0.910083 0.133992
vt 0.923559 0.024793
vt 0.924913 0.132811
vt 0.321492 0.399563
vt 0.956670 0.000000
vt 0.940834 0.134241
vt 0.956670 0.136638
vt 0.836502 0.287797
vt 0.852867 0.288593
vt 0.964376 0.637967
vt 0.964376 0.645316
vt 0.950165 0.645316
vt 0.950165 0.637967
vt 0.964376 0.655788
vt 0.950165 0.655788
vt 0.898319 0.596948
vt 0.914730 0.655146
vt 0.904455 0.652542
vt 0.899394 0.644126
vt 0.933618 0.406826
vt 0.950165 0.438368
vt 0.926261 0.291563
vt 0.946701 0.298515
vt 0.951601 0.330952
vt 0.928781 0.367078
vt 0.900023 0.395012
vt 0.907206 0.295599
vt 0.879750 0.397501
vt 0.889899 0.285688
vt 0.879750 0.267037
vt 0.884686 0.167714
vt 0.905338 0.160883
vt 0.902208 0.236325
vt 0.879750 0.200106
vt 0.924596 0.165026
vt 0.931284 0.264411
vt 0.952329 0.267037
vt 0.942082 0.155220
vt 0.952329 0.136638
vt 0.559997 1.000000
vt 0.952837 0.397501
vt 0.974434 0.397501
vt 0.975974 0.588199
vt 0.950165 0.586041
vt 0.913933 0.539660
vt 0.890520 0.537588
vt 0.882121 0.487352
vt 0.915218 0.397501
vt 0.879750 0.438011
vt 0.896510 0.406526
vt 0.907881 0.682761
vt 0.930068 0.671572
vt 0.901918 0.763390
vt 0.893883 0.769003
vt 0.621707 0.261319
vt 0.597673 0.253551
vt 0.989416 0.397501
vt 0.951601 0.390098
vt 0.960753 0.371805
vt 0.986161 0.372067
vt 0.057776 0.246114
vt 0.042013 0.232331
vt 0.985009 0.226111
vt 0.965929 0.270268
vt 0.952329 0.220728
vt 0.976976 0.210003
vt 0.025702 0.176557
vt 0.016438 0.232450
vt 0.879750 0.657943
vt 0.914255 0.657466
vt 0.886433 0.678639
vt 0.687977 0.652876
vt 0.699156 0.637143
vt 0.961526 0.284157
vt 0.951601 0.285056
vt 0.951601 0.272371
vt 0.962439 0.270367
vt 0.879750 0.767804
vt 0.036562 0.330844
vt 0.021849 0.316284
vt 0.005548 0.316223
vt 0.605872 0.277212
vt 0.586205 0.277803
vt 0.972997 0.144464
vt 0.985009 0.136638
vt 0.974332 0.285056
vt 0.989416 0.285186
vt 0.960092 0.818616
vt 0.949639 0.813048
vt 0.762568 0.264002
vt 0.752489 0.263780
vt 0.837114 0.001038
vt 0.815785 0.000000
vt 0.973141 0.000000
vt 0.974655 0.068906
vt 0.956670 0.068906
vt 0.958057 0.000000
vt 0.930996 0.642666
vt 0.925945 0.650970
vt 0.915218 0.655736
vt 0.932158 0.595771
vt 0.242220 0.930984
vt 0.244110 0.948536
vt 0.216365 0.972586
vt 0.687977 0.947547
vt 0.658908 0.976445
vt 0.681913 0.927957
vt 0.006177 0.925859
vt 0.028399 0.974486
vt 0.000000 0.945454
vt 0.443828 0.932465
vt 0.469971 0.974157
vt 0.441808 0.949999
vt 0.986145 0.837321
vt 0.958835 0.827718
vt 0.972490 0.818616
vt 0.986145 0.823417
vt 0.958835 0.841622
vt 0.972490 0.846423
vt 0.944451 0.818616
vt 0.958835 0.824593
vt 0.958835 0.839228
vt 0.930068 0.827274
vt 0.944451 0.847886
vt 0.930068 0.841909
s 0
usemtl mat07
f 994/1779/1435 998/1780/1435 1012/1781/1435 1008/1782/1435
f 996/1785/1437 995/1786/1437 1009/1787/1437 1010/1788/1437
f 995/1786/1439 989/1791/1439 1003/1792/1439 1009/1787/1439
f 1188/1793/1440 993/1794/1440 1007/1795/1440 1189/1796/1440
f 973/1797/1441 978/1798/1441 994/1799/1441 993/1800/1441
f 1187/1805/1443 973/1797/1443 993/1800/1443 1188/1806/1443
f 978/1809/1445 980/1810/1445 998/1780/1445 994/1779/1445
f 1034/1812/1447 976/1813/1447 999/1814/1447 1036/1815/1447
f 1007/1795/1449 1008/1782/1449 1021/1818/1449 1020/1819/1449
f 1038/1824/1451 1013/1825/1451 1026/1826/1451 1040/1827/1451
f 1008/1782/1453 1012/1781/1453 1025/1830/1453 1021/1818/1453
f 1010/1788/1455 1009/1787/1455 1022/1833/1455 1023/1834/1455
f 1036/1835/1456 999/1836/1456 1013/1825/1456 1038/1824/1456
f 993/1794/1458 994/1779/1458 1008/1782/1458 1007/1795/1458
f 1030/1840/1461 1021/1818/1461 1025/1830/1461 1032/1842/1461
f 1042/1843/1462 1040/1827/1462 1026/1826/1462 1031/1844/1462
f 1016/1849/1464 1028/1848/1464 1022/1833/1464
f 1132/1850/1465 1133/1851/1465 1031/1844/1465 1026/1826/1465
f 1132/1850/1467 1026/1826/1467 1013/1825/1467 1130/1853/1467
f 1189/1796/1468 1007/1795/1468 1020/1819/1468 1190/1854/1468
f 1009/1787/1469 1003/1792/1469 1016/1849/1469 1022/1833/1469
f 1176/1855/1471 1177/1845/1471 1028/1848/1471 1016/1849/1471
f 1021/1818/1474 1030/1840/1474 1029/1841/1474 1020/1819/1474
f 1023/1834/1476 1022/1833/1476 1028/1848/1476
f 1032/1842/1478 1025/1830/1478 1040/1827/1478 1042/1843/1478
f 998/1780/1479 1036/1835/1479 1038/1824/1479 1012/1781/1479
f 1012/1781/1481 1038/1824/1481 1040/1827/1481 1025/1830/1481
f 980/1810/1482 1034/1858/1482 1036/1835/1482 998/1780/1482
f 1070/1874/1488 1085/1875/1488 1089/1876/1488 1074/1877/1488
f 1072/1880/1490 1087/1881/1490 1086/1882/1490 1071/1883/1490
f 1071/1883/1492 1086/1882/1492 1080/1886/1492 1065/1887/1492
f 1192/1888/1493 1193/1889/1493 1084/1890/1493 1069/1891/1493
f 1049/1892/1494 1069/1893/1494 1070/1894/1494 1054/1895/1494
f 1191/1902/1497 1192/1903/1497 1069/1893/1497 1049/1892/1497
f 1054/1895/1499 1070/1894/1499 1074/1908/1499 1056/1909/1499
f 1116/1912/1501 1118/1913/1501 1075/1914/1501 1052/1915/1501
f 1084/1890/1503 1102/1918/1503 1103/1919/1503 1085/1875/1503
f 1120/1927/1506 1122/1928/1506 1108/1929/1506 1090/1930/1506
f 1085/1875/1508 1103/1919/1508 1107/1932/1508 1089/1876/1508
f 1087/1881/1510 1105/1934/1510 1104/1935/1510 1086/1882/1510
f 1118/1936/1511 1120/1927/1511 1090/1930/1511 1075/1937/1511
f 1069/1891/1513 1084/1890/1513 1085/1875/1513 1070/1874/1513
f 1112/1944/1517 1114/1946/1517 1107/1932/1517 1103/1919/1517
f 1124/1947/1518 1113/1869/1518 1108/1929/1518 1122/1928/1518
f 1098/1952/1520 1104/1935/1520 1110/1949/1520
f 1140/1953/1521 1108/1929/1521 1113/1869/1521 1141/1868/1521
f 1138/1954/1523 1090/1930/1523 1108/1929/1523 1140/1953/1523
f 1193/1889/1524 1194/1955/1524 1102/1918/1524 1084/1890/1524
f 1086/1882/1525 1104/1935/1525 1098/1952/1525 1080/1886/1525
f 1185/1956/1527 1098/1952/1527 1110/1949/1527 1186/1948/1527
f 1103/1919/1530 1102/1918/1530 1111/1945/1530 1112/1944/1530
f 1105/1934/1532 1110/1949/1532 1104/1935/1532
f 1114/1946/1536 1124/1947/1536 1122/1928/1536 1107/1932/1536
f 1074/1877/1537 1089/1876/1537 1120/1927/1537 1118/1936/1537
f 1089/1876/1539 1107/1932/1539 1122/1928/1539 1120/1927/1539
f 1056/1909/1540 1074/1908/1540 1118/1913/1540 1116/1912/1540
f 982/1972/1544 1043/1973/1544 1135/1974/1544 1058/1975/1544
f 1170/1979/1547 972/1980/1547 1048/1981/1547 1179/1982/1547
f 1092/1985/1549 1138/1954/1549 1140/1953/1549
f 1034/1812/1560 980/2003/1560 1056/1909/1560 1116/1912/1560
f 995/2013/1565 996/2014/1565 1128/2009/1565 1129/2015/1565
f 1129/2015/1566 1128/2009/1566 1072/2011/1566 1071/2016/1566
f 1065/2017/1567 1048/1981/1567 1071/2018/1567
f 1048/2019/1568 1129/2015/1568 1071/2016/1568
f 1048/2019/1569 972/2020/1569 1129/2015/1569
f 1129/2015/1570 972/2020/1570 995/2013/1570
f 989/1791/1571 995/1786/1571 972/2021/1571
f 1092/1985/1577 1140/1953/1577 1141/1868/1577 1115/2023/1577
f 1075/1937/1579 1090/1930/1579 1138/1954/1579 1137/2025/1579
f 1052/1915/1580 1075/1914/1580 1137/2026/1580 1135/1974/1580
f 1015/2027/1583 1132/1850/1583 1130/1853/1583
f 1015/2027/1584 1033/1941/1584 1133/1851/1584 1132/1850/1584
f 999/1836/1585 1046/2028/1585 1130/1853/1585 1013/1825/1585
f 976/1813/1587 1043/1973/1587 1046/2031/1587 999/1814/1587
f 1187/1805/1598 1170/1979/1598 1179/1982/1598 1191/1902/1598
f 1194/1955/1599 1185/1956/1599 1186/1948/1599 1204/2056/1599
f 1080/1886/1600 1098/1952/1600 1185/1956/1600 1183/2057/1600
f 1048/1981/1604 1065/2017/1604 1181/2061/1604 1179/1982/1604
f 1065/2017/1606 1080/2063/1606 1183/2064/1606 1181/2061/1606
f 1190/1854/1607 1199/2065/1607 1177/1845/1607 1176/1855/1607
f 1003/1792/1608 1174/2066/1608 1176/1855/1608 1016/1849/1608
f 972/1980/1612 1170/1979/1612 1172/2072/1612 989/2073/1612
f 989/1791/1614 1172/2074/1614 1174/2066/1614 1003/1792/1614
f 1135/1974/1630 1137/2026/1630 1058/1975/1630
f 1138/1954/1631 1092/1985/1631 1058/2084/1631 1137/2025/1631
f 982/1972/1634 1046/2031/1634 1043/1973/1634
f 1130/1853/1635 1046/2028/1635 982/2085/1635 1015/2027/1635
f 1020/1819/1646 1029/1841/1646 1199/2065/1646 1190/1854/1646
f 1102/1918/1651 1194/1955/1651 1204/2056/1651 1111/1945/1651
f 973/1797/1652 1187/1805/1652 1191/1902/1652 1049/1892/1652
f 1183/2057/1654 1185/1956/1654 1194/1955/1654 1193/1889/1654
f 1179/1982/1655 1181/2061/1655 1192/1903/1655 1191/1902/1655
f 1181/2100/1656 1183/2057/1656 1193/1889/1656 1192/1888/1656
f 1174/2066/1657 1189/1796/1657 1190/1854/1657 1176/1855/1657
f 1170/1979/1658 1187/1805/1658 1188/1806/1658 1172/2072/1658
f 1172/2074/1659 1188/1793/1659 1189/1796/1659 1174/2066/1659
f 978/1798/1721 973/1797/1721 1049/1892/1721 1054/1895/1721
f 984/2215/1725 1235/1997/1725 1236/2000/1725 1060/2216/1725
usemtl mat08
f 997/1775/1434 991/1776/1434 1005/1777/1434 1011/1778/1434
f 1037/1783/1436 997/1775/1436 1011/1778/1436 1039/1784/1436
f 990/1789/1438 996/1785/1438 1010/1788/1438 1004/1790/1438
f 1169/1801/1442 971/1802/1442 990/1803/1442 1171/1804/1442
f 1035/1807/1444 979/1808/1444 997/1775/1444 1037/1783/1444
f 979/1808/1446 977/1811/1446 991/1776/1446 997/1775/1446
f 977/1811/1448 974/1816/1448 992/1817/1448 991/1776/1448
f 1005/1820/1450 1006/1821/1450 1019/1822/1450 1018/1823/1450
f 1011/1828/1452 1005/1820/1452 1018/1823/1452 1024/1829/1452
f 1039/1831/1454 1011/1828/1454 1024/1829/1454 1041/1832/1454
f 991/1776/1457 992/1817/1457 1006/1837/1457 1005/1777/1457
f 1171/1804/1459 990/1803/1459 1004/1838/1459 1173/1839/1459
f 1030/1840/1460 1018/1823/1460 1019/1822/1460 1029/1841/1460
f 1177/1845/1463 1175/1846/1463 1017/1847/1463 1028/1848/1463
f 1173/1852/1466 1004/1790/1466 1017/1847/1466 1175/1846/1466
f 1004/1790/1470 1010/1788/1470 1023/1834/1470 1017/1847/1470
f 1041/1832/1472 1042/1843/1472 1031/1844/1472 1027/1856/1472
f 1018/1823/1473 1030/1840/1473 1032/1842/1473 1024/1829/1473
f 1017/1847/1475 1023/1834/1475 1028/1848/1475
f 1024/1829/1477 1032/1842/1477 1042/1843/1477 1041/1832/1477
f 1014/1857/1480 1039/1831/1480 1041/1832/1480 1027/1856/1480
f 975/1859/1483 1035/1807/1483 1037/1783/1483 1000/1860/1483
f 1000/1860/1484 1037/1783/1484 1039/1784/1484 1014/1861/1484
f 1109/1866/1486 1139/1867/1486 1141/1868/1486 1113/1869/1486
f 1073/1870/1487 1088/1871/1487 1082/1872/1487 1067/1873/1487
f 1119/1878/1489 1121/1879/1489 1088/1871/1489 1073/1870/1489
f 1066/1884/1491 1081/1885/1491 1087/1881/1491 1072/1880/1491
f 1014/1861/1495 1142/1896/1495 1143/1897/1495 1000/1860/1495
f 1178/1898/1496 1180/1899/1496 1066/1900/1496 1047/1901/1496
f 1117/1904/1498 1119/1905/1498 1073/1906/1498 1055/1907/1498
f 1055/1907/1500 1073/1906/1500 1067/1910/1500 1053/1911/1500
f 1053/1911/1502 1067/1910/1502 1068/1916/1502 1050/1917/1502
f 1082/1872/1505 1100/1924/1505 1101/1925/1505 1083/1926/1505
f 1088/1871/1507 1106/1931/1507 1100/1924/1507 1082/1872/1507
f 1121/1879/1509 1123/1933/1509 1106/1931/1509 1088/1871/1509
f 1067/1873/1512 1082/1872/1512 1083/1926/1512 1068/1938/1512
f 1180/1939/1514 1182/1940/1514 1081/1885/1514 1066/1884/1514
f 1133/1851/1515 1033/1941/1515 1001/1942/1515 1131/1943/1515
f 1112/1944/1516 1111/1945/1516 1101/1925/1516 1100/1924/1516
f 1186/1948/1519 1110/1949/1519 1099/1950/1519 1184/1951/1519
f 1182/1940/1522 1184/1951/1522 1099/1950/1522 1081/1885/1522
f 1081/1885/1526 1099/1950/1526 1105/1934/1526 1087/1881/1526
f 1123/1933/1528 1109/1866/1528 1113/1869/1528 1124/1947/1528
f 1100/1924/1529 1106/1931/1529 1114/1946/1529 1112/1944/1529
f 1099/1950/1531 1110/1949/1531 1105/1934/1531
f 1106/1931/1535 1123/1933/1535 1124/1947/1535 1114/1946/1535
f 1091/1963/1538 1109/1866/1538 1123/1933/1538 1121/1879/1538
f 1051/1964/1541 1076/1965/1541 1119/1905/1541 1117/1904/1541
f 1076/1965/1542 1091/1966/1542 1121/1967/1542 1119/1905/1542
f 1051/1964/1545 1134/1976/1545 1144/1977/1545 1076/1965/1545
f 1076/1965/1546 1144/1977/1546 1136/1978/1546 1091/1966/1546
f 1195/1983/1548 974/1816/1548 1050/1917/1548 1200/1984/1548
f 977/1811/1551 979/1808/1551 1055/1907/1551 1053/1911/1551
f 979/1808/1552 1035/1807/1552 1117/1904/1552 1055/1907/1552
f 1125/1988/1553 981/1989/1553 1057/1990/1553 1134/1976/1553
f 975/1859/1558 1000/1860/1558 1143/1897/1558 1125/1988/1558
f 1047/2008/1562 1128/2009/1562 971/2010/1562
f 1128/2009/1563 1047/2008/1563 1072/2011/1563
f 1066/1884/1564 1072/1880/1564 1047/2012/1564
f 1128/2009/1572 996/2014/1572 971/2010/1572
f 990/1803/1573 971/1802/1573 996/2022/1573
f 1125/1988/1574 1143/1897/1574 981/1989/1574
f 1134/1976/1575 1057/1990/1575 1144/1977/1575
f 1142/1896/1576 981/1989/1576 1143/1897/1576
f 1091/1963/1578 1136/2024/1578 1139/1867/1578 1109/1866/1578
f 1136/1978/1581 1144/1977/1581 1057/1990/1581
f 1027/1856/1582 1031/1844/1582 1133/1851/1582 1131/1943/1582
f 1014/1861/1586 1027/2029/1586 1131/2030/1586 1142/1896/1586
f 981/2032/1588 1142/2033/1588 1131/1943/1588 1001/1942/1588
f 971/1802/1597 1169/1801/1597 1178/1898/1597 1047/1901/1597
f 1202/2058/1601 1203/2059/1601 1184/1951/1601 1182/1940/1601
f 1204/2056/1602 1186/1948/1602 1184/1951/1602 1203/2059/1602
f 1201/2060/1603 1202/2058/1603 1182/1940/1603 1180/1939/1603
f 1200/1984/1605 1201/2062/1605 1180/1899/1605 1178/1898/1605
f 1197/2067/1609 1173/1839/1609 1175/2068/1609 1198/2069/1609
f 1199/2065/1610 1198/2070/1610 1175/1846/1610 1177/1845/1610
f 1196/2071/1611 1171/1804/1611 1173/1839/1611 1197/2067/1611
f 1195/1983/1613 1169/1801/1613 1171/1804/1613 1196/2071/1613
f 1141/1868/1632 1139/1867/1632 1077/2093/1632 1115/2023/1632
f 1077/2093/1633 1139/1867/1633 1136/2024/1633 1057/2078/1633
f 974/1816/1642 1195/1983/1642 1196/2071/1642 992/1817/1642
f 992/1817/1643 1196/2071/1643 1197/2067/1643 1006/1837/1643
f 1029/1841/1644 1019/1822/1644 1198/2070/1644 1199/2065/1644
f 1202/2094/1645 1083/2095/1645 1221/2096/1645 1225/2097/1645
f 1050/1917/1647 1068/1916/1647 1201/2062/1647 1200/1984/1647
f 1068/1938/1648 1083/1926/1648 1202/2058/1648 1201/2060/1648
f 1111/1945/1649 1204/2056/1649 1203/2059/1649 1101/1925/1649
f 1169/1801/1653 1195/1983/1653 1200/1984/1653 1178/1898/1653
f 974/1816/1722 977/1811/1722 1053/1911/1722 1050/1917/1722
f 975/1859/1723 1125/1988/1723 1134/1976/1723 1051/1964/1723
usemtl mat09
f 1150/1862/1485 1149/1863/1485 1151/1864/1485 1152/1865/1485
f 1097/1920/1504 1078/1921/1504 1002/1922/1504 1096/1923/1504
f 986/1957/1533 1093/1958/1533 1079/1959/1533 1062/1960/1533
f 986/1957/1534 1062/1960/1534 1094/1961/1534 1095/1962/1534
f 1127/1968/1543 1045/1969/1543 1117/1970/1543 1035/1971/1543
f 1148/1986/1550 1147/1987/1550 1149/1863/1550 1150/1862/1550
f 981/1989/1554 988/1991/1554 1064/1992/1554 1057/1990/1554
f 1237/1993/1555 985/1994/1555 1061/1995/1555 1238/1996/1555
f 1235/1997/1556 987/1998/1556 1063/1999/1556 1236/2000/1556
f 987/1998/1557 982/1972/1557 1058/1975/1557 1063/1999/1557
f 1044/2001/1559 1034/1812/1559 1116/1912/1559 1126/2002/1559
f 1056/2004/1561 980/2005/1561 1217/2006/1561 1218/2007/1561
f 1044/2001/1589 1126/2002/1589 1153/2034/1589 1154/2035/1589
f 1157/2036/1590 1159/2037/1590 1160/2038/1590 1158/2039/1590
f 1155/2040/1591 1161/2041/1591 1162/2042/1591 1156/2043/1591
f 1161/2044/1592 1163/2045/1592 1164/2046/1592 1162/2047/1592
f 1045/1969/1593 1127/1968/1593 1166/2048/1593 1165/2049/1593
f 1164/2046/1594 1163/2045/1594 1165/2050/1594 1166/2051/1594
f 1159/2037/1595 1155/2040/1595 1156/2043/1595 1160/2038/1595
f 1152/2052/1596 1151/2053/1596 1167/2054/1596 1168/2055/1596
f 1093/1958/1615 1097/1920/1615 1096/1923/1615 1079/1959/1615
f 1064/2075/1616 1062/2076/1616 1059/2077/1617 1057/2078/1616
f 1097/2079/1618 1093/2080/1618 983/2081/1618
f 1096/2082/1619 1063/2083/1619 1058/2084/1619 1059/2077/1619
f 1097/2079/1620 983/2081/1621 982/2085/1620 987/2086/1620
f 1034/2087/1622 1167/2088/1622 1151/2089/1622 976/2090/1622
f 988/2091/1623 981/2032/1623 983/2081/1623 986/2092/1623
f 982/2085/1624 983/2081/1624 1015/2027/1624
f 1015/2027/1625 983/2081/1626 1033/1941/1625
f 981/2032/1627 1001/1942/1627 983/2081/1628
f 1033/1941/1629 983/2081/1629 1001/1942/1629
f 1058/2084/1636 1092/1985/1636 1059/2077/1637
f 1092/1985/1638 1115/2023/1638 1059/2077/1639
f 1057/2078/1640 1059/2077/1640 1077/2093/1640
f 1115/2023/1641 1077/2093/1641 1059/2077/1641
f 1203/2059/1650 1202/2058/1650 1225/2098/1650 1226/2099/1650
f 1205/2101/1660 1209/2102/1661 1213/2103/1661 1215/2104/1661
f 1206/2105/1662 1213/2103/1662 1209/2102/1662 1211/2106/1662
f 1209/2107/1663 1205/2108/1664 1207/2109/1665 1210/2110/1663
f 1213/2111/1666 1206/2112/1666 1208/2113/1666 1214/2114/1666
f 1211/2115/1667 1209/2107/1667 1210/2110/1667 1212/2116/1667
f 1206/2117/1668 1211/2115/1668 1212/2116/1668 1208/2118/1668
f 1215/2119/1669 1213/2111/1669 1214/2114/1669 1216/2120/1669
f 1217/2006/1670 1215/2119/1670 1216/2120/1670 1218/2007/1670
f 1208/2121/1671 1212/2122/1671 1210/2123/1671 1214/2124/1671
f 1207/2125/1672 1216/2126/1673 1214/2124/1673 1210/2123/1673
f 1054/1895/1674 1207/2109/1675 1205/2108/1676 978/1798/1674
f 1215/2104/1677 1217/2127/1677 978/1809/1677 1205/2101/1678
f 978/1809/1679 1217/2127/1679 980/1810/1679
f 1216/2126/1680 1207/2125/1681 1054/2128/1680 1218/2129/1680
f 1054/2128/1682 1056/2130/1682 1218/2129/1682
f 1153/2034/1683 1168/2131/1683 1167/2132/1683 1154/2035/1683
f 1148/2133/1684 1145/2134/1684 1146/2135/1684 1147/2136/1684
f 1145/2134/1685 1135/2137/1685 1043/2138/1685 1146/2135/1685
f 1150/2139/1686 1135/2140/1686 1145/2141/1686 1148/2142/1686
f 1044/2143/1687 1154/2144/1687 1167/2088/1687 1034/2087/1687
f 1156/2145/1688 1162/2146/1688 1164/2147/1688 1166/2148/1688
f 1166/2148/1689 1127/2149/1689 1160/2150/1689 1156/2145/1689
f 1127/2149/1690 1035/2151/1690 1158/2152/1690 1160/2150/1690
f 1035/2151/1691 975/2153/1691 1158/2152/1691
f 1161/2154/1692 1155/2155/1692 1165/2156/1692 1163/2157/1692
f 1159/2158/1693 1045/2159/1693 1165/2156/1693 1155/2155/1693
f 1117/2160/1694 1045/2159/1694 1159/2158/1694 1157/2161/1694
f 1117/2160/1695 1157/2161/1695 1051/2162/1695
f 986/2092/1696 983/2081/1696 1093/2080/1696
f 1096/2082/1697 1059/2077/1698 1079/2163/1697
f 1062/2076/1699 1079/2163/1699 1059/2077/1699
f 1002/1922/1700 1078/1921/1700 984/2164/1700 1060/2165/1700
f 1094/2166/1701 1061/1995/1701 985/1994/1701 1095/2167/1701
f 1052/2168/1702 1152/2169/1702 1168/2170/1702 1116/2171/1702
f 1116/2171/1703 1168/2170/1703 1153/2172/1703 1126/2173/1703
f 1152/2169/1704 1052/2168/1704 1135/2140/1704 1150/2139/1704
f 1219/2174/1705 1223/2175/1705 1229/2176/1705 1227/2177/1705
f 1226/2099/1706 1225/2098/1706 1233/2178/1706 1234/2179/1706
f 1083/2180/1707 1101/2181/1707 1222/2182/1707 1221/2183/1707
f 1198/2070/1708 1019/1822/1708 1220/2184/1708 1224/2185/1708
f 1101/2186/1709 1203/2187/1709 1226/2188/1709 1222/2189/1709
f 1197/2190/1710 1198/2070/1710 1224/2185/1710 1223/2191/1710
f 1019/2192/1711 1006/2193/1711 1219/2174/1711 1220/2194/1711
f 1006/1837/1712 1197/2067/1712 1223/2195/1712 1219/2196/1712
f 1227/2197/1713 1229/2198/1713 1230/2199/1713 1228/2200/1713
f 1220/2194/1714 1219/2174/1714 1227/2177/1714 1228/2201/1714
f 1224/2185/1715 1220/2184/1715 1228/2202/1715 1230/2203/1715
f 1223/2191/1716 1224/2185/1716 1230/2203/1716 1229/2204/1716
f 1231/2205/1717 1232/2206/1717 1234/2179/1717 1233/2178/1717
f 1222/2189/1718 1226/2188/1718 1234/2207/1718 1232/2208/1718
f 1221/2183/1719 1222/2182/1719 1232/2209/1719 1231/2210/1719
f 1225/2097/1720 1221/2096/1720 1231/2211/1720 1233/2212/1720
f 1157/2213/1724 1158/2214/1724 975/1859/1724 1051/1964/1724
f 988/2217/1726 1237/2218/1726 1238/2219/1726 1064/2220/1726
f 1147/2221/1727 1146/2222/1727 1043/2223/1727 1149/2224/1727
f 1149/2224/1728 1043/2223/1728 976/2090/1728 1151/2089/1728
f 987/2086/1729 1235/2225/1729 984/2226/1729 1078/2227/1729
f 1078/2227/1730 1097/2079/1730 987/2086/1730
f 1061/2228/1731 1094/2229/1731 1064/2075/1731 1238/2230/1731
f 1094/2229/1732 1062/2076/1732 1064/2075/1732
f 1237/2231/1733 988/2091/1733 1095/2232/1733 985/2233/1733
f 986/2092/1734 1095/2232/1734 988/2091/1734
f 1236/2234/1735 1063/2083/1735 1002/2235/1735 1060/2236/1735
f 1002/2235/1736 1063/2083/1736 1096/2082/1736
usemtl eyes03
f 933/1708/1398 945/1709/1398 936/1710/1398
f 934/1711/1399 933/1708/1399 936/1710/1399 937/1712/1399
f 935/1713/1400 934/1714/1400 937/1715/1400 938/1716/1400
f 937/1712/1401 936/1710/1401 939/1717/1401 940/1718/1401
f 938/1719/1402 937/1720/1402 940/1721/1402 941/1722/1402
f 936/1710/1403 945/1709/1403 939/1717/1403
f 940/1718/1404 939/1717/1404 942/1723/1404 943/1724/1404
f 941/1725/1405 940/1726/1405 943/1727/1405 944/1728/1405
f 939/1717/1406 945/1709/1406 942/1723/1406
f 943/1724/1407 942/1723/1407 946/1729/1407 947/1730/1407
f 944/1731/1408 943/1732/1408 947/1733/1408 948/1734/1408
f 942/1723/1409 945/1709/1409 946/1729/1409
f 948/1734/1410 947/1733/1410 950/1735/1410 951/1736/1410
f 946/1729/1411 945/1709/1411 949/1737/1411
f 947/1730/1412 946/1729/1412 949/1737/1412 950/1738/1412
f 951/1739/1413 950/1740/1413 934/1714/1413 935/1713/1413
f 949/1737/1414 945/1709/1414 933/1708/1414
f 950/1738/1415 949/1737/1415 933/1708/1415 934/1711/1415
f 952/1741/1416 955/1742/1416 964/1743/1416
f 953/1744/1417 956/1745/1417 955/1742/1417 952/1741/1417
f 954/1746/1418 957/1747/1418 956/1748/1418 953/1749/1418
f 956/1745/1419 959/1750/1419 958/1751/1419 955/1742/1419
f 957/1752/1420 960/1753/1420 959/1750/1420 956/1745/1420
f 955/1742/1421 958/1751/1421 964/1743/1421
f 959/1750/1422 962/1754/1422 961/1755/1422 958/1751/1422
f 960/1756/1423 963/1757/1423 962/1758/1423 959/1759/1423
f 958/1751/1424 961/1755/1424 964/1743/1424
f 962/1754/1425 966/1760/1425 965/1761/1425 961/1755/1425
f 963/1762/1426 967/1763/1426 966/1764/1426 962/1765/1426
f 961/1755/1427 965/1761/1427 964/1743/1427
f 967/1763/1428 970/1766/1428 969/1767/1428 966/1764/1428
f 965/1761/1429 968/1768/1429 964/1743/1429
f 966/1764/1430 969/1767/1430 968/1769/1430 965/1770/1430
f 970/1771/1431 954/1746/1431 953/1749/1431 969/1772/1431
f 968/1768/1432 952/1741/1432 964/1743/1432
f 969/1767/1433 953/1773/1433 952/1774/1433 968/1769/1433
f 960/2237/1737 970/2238/1737 967/2239/1737 963/2240/1737
f 954/2241/1737 970/2238/1737 960/2237/1737 957/2242/1737
f 944/2243/1738 948/2244/1738 951/2245/1738 941/2246/1738
f 935/2247/1738 938/2248/1738 941/2246/1738 951/2245/1738
